OrganizationIdentifier,OrganizationFormalName,MonitoringLocationIdentifier,MonitoringLocationName,MonitoringLocationTypeName,MonitoringLocationDescriptionText,HUCEightDigitCode,DrainageAreaMeasure/MeasureValue,DrainageAreaMeasure/MeasureUnitCode,ContributingDrainageAreaMeasure/MeasureValue,ContributingDrainageAreaMeasure/MeasureUnitCode,LatitudeMeasure,LongitudeMeasure,SourceMapScaleNumeric,HorizontalAccuracyMeasure/MeasureValue,HorizontalAccuracyMeasure/MeasureUnitCode,HorizontalCollectionMethodName,HorizontalCoordinateReferenceSystemDatumName,VerticalMeasure/MeasureValue,VerticalMeasure/MeasureUnitCode,VerticalAccuracyMeasure/MeasureValue,VerticalAccuracyMeasure/MeasureUnitCode,VerticalCollectionMethodName,VerticalCoordinateReferenceSystemDatumName,CountryCode,StateCode,CountyCode,AquiferName,LocalAqfrName,FormationTypeText,AquiferTypeName,ConstructionDateText,WellDepthMeasure/MeasureValue,WellDepthMeasure/MeasureUnitCode,WellHoleDepthMeasure/MeasureValue,WellHoleDepthMeasure/MeasureUnitCode,ProviderName
USGS-CT,USGS Connecticut Water Science Center,USGS-01201487,"STILL RIVER AT ROUTE 7 AT BROOKFIELD CENTER, CT",Stream,,01100005,62.3,sq mi,,,41.46582220000000,-73.4032027800000,24000,.01,seconds,Interpolated from Digital MAP.,NAD83,256.18,feet,.01,feet,Level or other surveyed method.,NGVD29,US,09,001,,,,,,,,,,NWIS
USGS-CT,USGS Connecticut Water Science Center,USGS-012035014,"POOTATUCK RIVER AT RTE 25 AT BOTSFORD, CT",Stream,,01100005,10.7,sq mi,,,41.37616944000000,-73.2735417000000,24000,.01,seconds,Interpolated from Digital MAP.,NAD83,335,feet,1.6,feet,Interpolated from Digital Elevation Model,NAVD88,US,09,001,,,,,,,,,,NWIS
USGS-CT,USGS Connecticut Water Science Center,USGS-01208760,"HOUSATONIC R. AT BEACON PT MARINA NEAR SHELTON, CT",Stream: Tidal stream,,01100005,1900,sq mi,,,41.27243610000000,-73.0896583000000,24000,.1,seconds,Interpolated from Digital MAP.,NAD83,0.00,feet,.03,feet,Level or other surveyed method.,NAVD88,US,09,001,,,,,,,,,,NWIS
USGS-CT,USGS Connecticut Water Science Center,USGS-012087991,"FARMILL RIVER AT MOHEGAN RD NEAR SHELTON, CT",Stream,,01100005,3.71,sq mi,,,41.30089720000000,-73.1956638900000,24000,.01,seconds,Interpolated from Digital MAP.,NAD83,380,feet,1.6,feet,Interpolated from Digital Elevation Model,NAVD88,US,09,001,,,,,,,,,,NWIS
USGS-CT,USGS Connecticut Water Science Center,USGS-01208822,"HOUSATONIC RIVER AT SIKORSKY NEAR STRATFORD, CT",Estuary,,01100005,1930,sq mi,,,41.25322500000000,-73.0883888900000,24000,.1,seconds,Interpolated from Digital MAP.,NAD83,0,feet,1,feet,Interpolated from topographic map.,NAVD88,US,09,001,,,,,,,,,,NWIS
USGS-CT,USGS Connecticut Water Science Center,USGS-01208837,"HOUSATONIC RIVER NR NELLS ISLAND NR STRATFORD, CT",Estuary,,02030203,,,,,41.18843330000000,-73.1212527800000,24000,.1,seconds,Interpolated from Digital MAP.,NAD83,2,feet,.1,feet,Interpolated from topographic map.,NAVD88,US,09,001,,,,,,,,,,NWIS
USGS-CT,USGS Connecticut Water Science Center,USGS-01208873,"ROOSTER RIVER AT FAIRFIELD, CT",Stream,,01100006,10.6,sq mi,,,41.17981890000000,-73.2190021900000,24000,1,seconds,Interpolated from MAP.,NAD83,5.44,feet,5,feet,Interpolated from topographic map.,NGVD29,US,09,001,,,,,,,,,,NWIS
USGS-CT,USGS Connecticut Water Science Center,USGS-01208925,"MILL RIVER NEAR FAIRFIELD, CT",Stream,,01100006,28.6,sq mi,,,41.16547500000000,-73.2700083000000,24000,.01,seconds,Interpolated from Digital MAP.,NAD83,15.89,feet,5.,feet,Interpolated from topographic map.,NGVD29,US,09,001,,,,,,,,,,NWIS
USGS-CT,USGS Connecticut Water Science Center,USGS-01208948,SASCO BK AT SOUTHPORT ON INGLESIDE RD ABV BANKS PD,Stream,,01100006,5.38,sq mi,,,41.16204096000000,-73.3117831000000,24000,1,seconds,Interpolated from MAP.,NAD83,81,feet,1.6,feet,Interpolated from Digital Elevation Model,NAVD88,US,09,001,,,,,,,,,,NWIS
USGS-CT,USGS Connecticut Water Science Center,USGS-01208950,"SASCO BROOK NEAR SOUTHPORT, CT",Stream,,01100006,7.38,sq mi,,,41.15287436000000,-73.3059495000000,,1,seconds,Interpolated from MAP.,NAD83,52.01,feet,5.,feet,Interpolated from topographic map.,NGVD29,US,09,001,,,,,,,,,,NWIS
USGS-CT,USGS Connecticut Water Science Center,USGS-012089695,"SASCO BROOK AT MOUTH AT SOUTHPORT, CT",Stream,,01100006,10.2,sq mi,,,41.12480278000000,-73.2988722000000,24000,.01,seconds,Interpolated from Digital MAP.,NAD83,3,feet,1.6,feet,Interpolated from Digital Elevation Model,NAVD88,US,09,001,,,,,,,,,,NWIS
USGS-CT,USGS Connecticut Water Science Center,USGS-01208984,"UMPAWAUG POND BROOK AT SIMPAUG TPKE NR REDDING, CT",Stream,,01100006,2.04,sq mi,,,41.31738330000000,-73.4441388900000,24000,.01,seconds,Interpolated from Digital MAP.,NAD83,437,feet,1.6,feet,Interpolated from Digital Elevation Model,NAVD88,US,09,001,,,,,,,,,,NWIS
USGS-CT,USGS Connecticut Water Science Center,USGS-01208990,"SAUGATUCK RIVER NEAR REDDING, CT",Stream,,01100006,21.0,sq mi,,,41.29454000000000,-73.3951202900000,24000,1,seconds,Interpolated from MAP.,NAD83,284.48,feet,.01,feet,Level or other surveyed method.,NAVD88,US,09,001,,,,,,,,,,NWIS
USGS-CT,USGS Connecticut Water Science Center,USGS-01209300,"W BR SAUGATUCK R AT WESTON, CT",Stream,,01100006,9.15,sq mi,,,41.19900000000000,-73.3899306000000,24000,.01,seconds,Interpolated from Digital MAP.,NAD83,136,feet,1.6,feet,Interpolated from Digital Elevation Model,NAVD88,US,09,001,,,,,,,,,,NWIS
USGS-CT,USGS Connecticut Water Science Center,USGS-01209500,"SAUGATUCK RIVER NEAR WESTPORT, CT",Stream,,01100006,79.8,sq mi,,,41.17073056000000,-73.3648167000000,24000,.01,seconds,Interpolated from Digital MAP.,NAD83,17.10,feet,.01,feet,Level or other surveyed method.,NAVD88,US,09,001,,,,,,,,,,NWIS
USGS-CT,USGS Connecticut Water Science Center,USGS-01209510,"SAUGATUCK RIVER AT ROUTE 1 AT WESTPORT, CT",Estuary,,01100006,82.8,sq mi,,,41.14089444000000,-73.3630333000000,24000,.5,seconds,Interpolated from Digital MAP.,NAD83,0,feet,.10,feet,Level or other surveyed method.,NAVD88,US,09,001,,,,,,,,,,NWIS
USGS-CT,USGS Connecticut Water Science Center,USGS-01209710,"NORWALK RIVER AT WINNIPAUK,CT.",Stream,,01100006,33.0,sq mi,33.0,sq mi,41.13537426000000,-73.4262310000000,24000,1,seconds,Interpolated from MAP.,NAD83,52,feet,5,feet,Interpolated from topographic map.,NGVD29,US,09,001,,,,,,,,,,NWIS
USGS-CT,USGS Connecticut Water Science Center,USGS-01209716,"EAST BRANCH SILVERMINE R AT RTE 33 NR WILTON, CT",Stream,,01100006,1.97,sq mi,,,41.23260830000000,-73.4817611000000,24000,.01,seconds,Interpolated from Digital MAP.,NAD83,545,feet,1.6,feet,Interpolated from Digital Elevation Model,NAVD88,US,09,001,,,,,,,,,,NWIS
USGS-CT,USGS Connecticut Water Science Center,USGS-01210310,"E BRANCH MIANUS R AT WILDWOOD RD NR STAMFORD, CT",Stream,,01100006,3.92,sq mi,,,41.13373056000000,-73.5879000000000,24000,.01,seconds,Interpolated from Digital MAP.,NAD83,263,feet,1.6,feet,Interpolated from Digital Elevation Model,NAVD88,US,09,001,,,,,,,,,,NWIS
USGS-CT,USGS Connecticut Water Science Center,USGS-01211106,"GREENWICH CREEK AT RTE 1 NR COS COB, CT",Stream,,01100006,4.98,sq mi,,,41.03668330000000,-73.6100083000000,24000,.01,seconds,Interpolated from Digital MAP.,NAD83,23,feet,1.6,feet,Interpolated from Digital Elevation Model,NAVD88,US,09,001,,,,,,,,,,NWIS
USGS-CT,USGS Connecticut Water Science Center,USGS-410502073236000,"NORWALK HARBOR AT THE COVE MARINA NR E NORWALK, CT",Estuary,,02030203,,,,,41.08395000000000,-73.3999861000000,24000,.01,seconds,Interpolated from Digital MAP.,NAD83,,,,,,,US,09,001,,,,,,,,,,NWIS
USGS-CT,USGS Connecticut Water Science Center,USGS-410606073245700,"NORWALK RIVER AT NORWALK AQUARIUM NR S NORWALK, CT",Estuary,,01100006,,,,,41.10161944000000,-73.4159472000000,24000,.01,seconds,Interpolated from Digital MAP.,NAD83,4,feet,1.6,feet,Interpolated from Digital Elevation Model,NAVD88,US,09,001,,,,,,,,,,NWIS
USGS-CT,USGS Connecticut Water Science Center,USGS-410613073215801,"SAUGATUCK RIVER LOWER EMBAYMENT NEAR SAUGATUCK, CT",Estuary,,02030203,,,,,41.10387500000000,-73.3662167000000,24000,.1,seconds,Interpolated from Digital MAP.,NAD83,,,,,,,US,09,001,,,,,,,,,,NWIS
USGS-CT,USGS Connecticut Water Science Center,USGS-410643073243700,"NORWALK RIVER AT FERRY POINT NEAR NORWALK, CT",Estuary,,01100006,,,,,41.11186944000000,-73.4102361000000,24000,.01,seconds,Interpolated from Digital MAP.,NAD83,3,feet,1.6,feet,Interpolated from Digital Elevation Model,NAVD88,US,09,001,,,,,,,,,,NWIS
USGS-CT,USGS Connecticut Water Science Center,USGS-410724073221001,"SAUGATUCK RIVER US RTE 136 NEAR SAUGATUCK, CT",Estuary,,01100006,,,,,41.12345278000000,-73.3694556000000,24000,.1,seconds,Interpolated from Digital MAP.,NAD83,3,feet,1.6,feet,Interpolated from Digital Elevation Model,NAVD88,US,09,001,,,,,,,,,,NWIS
USGS-CT,USGS Connecticut Water Science Center,USGS-410729073171701,"MILL RIVER AT SOUTHPORT HARBOR NEAR SOUTHPORT, CT",Estuary,,02030203,,,,,41.12479167000000,-73.2882083000000,24000,.1,seconds,Interpolated from Digital MAP.,NAD83,,,,,,,US,09,001,,,,,,,,,,NWIS
USGS-CT,USGS Connecticut Water Science Center,USGS-410757073165601,"MILL RIVER AT PEQUOT YACHT CLUB AT SOUTHPORT, CT",Estuary,,02030203,,,,,41.13250830000000,-73.2824833000000,24000,.1,seconds,Interpolated from Digital MAP.,NAD83,3,feet,1.6,feet,Interpolated from Digital Elevation Model,NAVD88,US,09,001,,,,,,,,,,NWIS
1CTDPHBM,Connecticut Department of Public Health,1CTDPHBM-100,GREAT CAPTAIN'S ISLAND BEACH,BEACH Program Site-Estuary,Long Island Sound,02030203,,,,,40.9830100000,-73.6273200000,,,,GPS-Unspecified,WGS84,,,,,,,US,09,001,,,,,,,,,,STORET
1CTDPHBM,Connecticut Department of Public Health,1CTDPHBM-1000,BYRAM BEACH,BEACH Program Site-Estuary,Long Island Sound,02030203,,,,,41.0053000000,-73.6446800000,,,,GPS-Unspecified,WGS84,,,,,,,US,09,001,,,,,,,,,,STORET
1CTDPHBM,Connecticut Department of Public Health,1CTDPHBM-1100,WEST BEACH,BEACH Program Site-Estuary,Long Island Sound,02030203,,,,,41.0374300000,-73.5223900000,,,,GPS-Unspecified,WGS84,,,,,,,US,09,001,,,,,,,,,,STORET
1CTDPHBM,Connecticut Department of Public Health,1CTDPHBM-1300,WEST BEACH,BEACH Program Site-Estuary,Long Island Sound,02030203,,,,,41.0382100000,-73.5218500000,,,,GPS-Unspecified,WGS84,,,,,,,US,09,001,,,,,,,,,,STORET
1CTDPHBM,Connecticut Department of Public Health,1CTDPHBM-13400,SHERWOOD ISLAND STATE PARK BEACH,BEACH Program Site-Estuary,Long Island Sound,02030203,,,,,41.1149000000,-73.3223300000,,,,GPS-Unspecified,WGS84,,,,,,,US,09,001,,,,,,,,,,STORET
1CTDPHBM,Connecticut Department of Public Health,1CTDPHBM-1350,WEST BEACH,BEACH Program Site-Estuary,Long Island Sound,02030203,,,,,41.0371100000,-73.5225800000,,,,GPS-Unspecified,WGS84,,,,,,,US,09,001,,,,,,,,,,STORET
1CTDPHBM,Connecticut Department of Public Health,1CTDPHBM-13500,SHERWOOD ISLAND STATE PARK BEACH,BEACH Program Site-Estuary,Long Island Sound,02030203,,,,,41.1122100000,-73.3273200000,,,,GPS-Unspecified,WGS84,,,,,,,US,09,001,,,,,,,,,,STORET
1CTDPHBM,Connecticut Department of Public Health,1CTDPHBM-13600,SHERWOOD ISLAND STATE PARK BEACH,BEACH Program Site-Estuary,Long Island Sound,02030203,,,,,41.1113400000,-73.3375400000,,,,GPS-Unspecified,WGS84,,,,,,,US,09,001,,,,,,,,,,STORET
1CTDPHBM,Connecticut Department of Public Health,1CTDPHBM-1400,CUMMINGS BEACH,BEACH Program Site-Estuary,Long Island Sound,01100006,,,,,41.0387200000,-73.5201000000,,,,GPS-Unspecified,WGS84,,,,,,,US,09,001,,,,,,,,,,STORET
1CTDPHBM,Connecticut Department of Public Health,1CTDPHBM-1500,CUMMINGS BEACH,BEACH Program Site-Estuary,Long Island Sound,02030203,,,,,41.0392000000,-73.5189700000,,,,GPS-Unspecified,WGS84,,,,,,,US,09,001,,,,,,,,,,STORET
1CTDPHBM,Connecticut Department of Public Health,1CTDPHBM-15100,PLEASURE BEACH-BRIDGEPORT,BEACH Program Site-Estuary,Long Island Sound,01100006,,,,,41.1591100000,-73.1705400000,,,,GPS-Unspecified,WGS84,,,,,,,US,09,001,,,,,,,,,,STORET
1CTDPHBM,Connecticut Department of Public Health,1CTDPHBM-15200,PLEASURE BEACH-BRIDGEPORT,BEACH Program Site-Estuary,Long Island Sound,01100006,,,,,41.1590800000,-73.1703500000,,,,GPS-Unspecified,WGS84,,,,,,,US,09,001,,,,,,,,,,STORET
1CTDPHBM,Connecticut Department of Public Health,1CTDPHBM-15300,PLEASURE BEACH-BRIDGEPORT,BEACH Program Site-Estuary,Long Island Sound,01100006,,,,,41.1590300000,-73.1700900000,,,,GPS-Unspecified,WGS84,,,,,,,US,09,001,,,,,,,,,,STORET
1CTDPHBM,Connecticut Department of Public Health,1CTDPHBM-1600,CUMMINGS BEACH,BEACH Program Site-Estuary,Long Island Sound,01100006,,,,,41.0394300000,-73.5173700000,,,,GPS-Unspecified,WGS84,,,,,,,US,09,001,,,,,,,,,,STORET
1CTDPHBM,Connecticut Department of Public Health,1CTDPHBM-1700,QUIGLEY BEACH,BEACH Program Site-Estuary,Long Island Sound,02030203,,,,,41.0440200000,-73.5022600000,,,,GPS-Unspecified,WGS84,,,,,,,US,09,001,,,,,,,,,,STORET
1CTDPHBM,Connecticut Department of Public Health,1CTDPHBM-1800,EAST (COVE ISLAND) BEACH,BEACH Program Site-Estuary,Long Island Sound,02030203,,,,,41.0465300000,-73.4995800000,,,,GPS-Unspecified,WGS84,,,,,,,US,09,001,,,,,,,,,,STORET
1CTDPHBM,Connecticut Department of Public Health,1CTDPHBM-1900,EAST (COVE ISLAND) BEACH,BEACH Program Site-Estuary,Long Island Sound,02030203,,,,,41.0467300000,-73.4984500000,,,,GPS-Unspecified,WGS84,,,,,,,US,09,001,,,,,,,,,,STORET
1CTDPHBM,Connecticut Department of Public Health,1CTDPHBM-200,GREAT CAPTAIN'S ISLAND BEACH,BEACH Program Site-Estuary,Long Island Sound,02030203,,,,,40.9823200000,-73.6270300000,,,,GPS-Unspecified,WGS84,,,,,,,US,09,001,,,,,,,,,,STORET
1CTDPHBM,Connecticut Department of Public Health,1CTDPHBM-2000,EAST (COVE ISLAND) BEACH,BEACH Program Site-Estuary,Long Island Sound,02030203,,,,,41.0469600000,-73.4974300000,,,,GPS-Unspecified,WGS84,,,,,,,US,09,001,,,,,,,,,,STORET
1CTDPHBM,Connecticut Department of Public Health,1CTDPHBM-2100,WEED BEACH,BEACH Program Site-Estuary,Long Island Sound,02030203,,,,,41.0463000000,-73.4924400000,,,,GPS-Unspecified,WGS84,,,,,,,US,09,001,,,,,,,,,,STORET
1CTDPHBM,Connecticut Department of Public Health,1CTDPHBM-2200,WEED BEACH,BEACH Program Site-Estuary,Long Island Sound,02030203,,,,,41.0470100000,-73.4936800000,,,,GPS-Unspecified,WGS84,,,,,,,US,09,001,,,,,,,,,,STORET
1CTDPHBM,Connecticut Department of Public Health,1CTDPHBM-2300,PEAR TREE POINT BEACH,BEACH Program Site-Estuary,Long Island Sound,02030203,,,,,41.0447200000,-73.4828000000,,,,GPS-Unspecified,WGS84,,,,,,,US,09,001,,,,,,,,,,STORET
1CTDPHBM,Connecticut Department of Public Health,1CTDPHBM-2400,PEAR TREE POINT BEACH,BEACH Program Site-Estuary,Long Island Sound,02030203,,,,,41.0448300000,-73.4831600000,,,,GPS-Unspecified,WGS84,,,,,,,US,09,001,,,,,,,,,,STORET
1CTDPHBM,Connecticut Department of Public Health,1CTDPHBM-2500,PEAR TREE POINT BEACH,BEACH Program Site-Estuary,Long Island Sound,02030203,,,,,41.0455800000,-73.4833300000,,,,GPS-Unspecified,WGS84,,,,,,,US,09,001,,,,,,,,,,STORET
1CTDPHBM,Connecticut Department of Public Health,1CTDPHBM-2600,BELL ISLAND BEACH,BEACH Program Site-Estuary,Long Island Sound,02030203,,,,,41.0570900000,-73.4362200000,,,,GPS-Unspecified,WGS84,,,,,,,US,09,001,,,,,,,,,,STORET
1CTDPHBM,Connecticut Department of Public Health,1CTDPHBM-2700,BELL ISLAND BEACH,BEACH Program Site-Estuary,Long Island Sound,02030203,,,,,41.0570500000,-73.4372000000,,,,GPS-Unspecified,WGS84,,,,,,,US,09,001,,,,,,,,,,STORET
1CTDPHBM,Connecticut Department of Public Health,1CTDPHBM-2800,ROWAYTON BEACH,BEACH Program Site-Estuary,Long Island Sound,02030203,,,,,41.0620200000,-73.4351000000,,,,GPS-Unspecified,WGS84,,,,,,,US,09,001,,,,,,,,,,STORET
1CTDPHBM,Connecticut Department of Public Health,1CTDPHBM-2900,HICKORY BLUFF BEACH,BEACH Program Site-Estuary,Long Island Sound,01100006,,,,,41.0789100000,-73.4205200000,,,,GPS-Unspecified,WGS84,,,,,,,US,09,001,,,,,,,,,,STORET
1CTDPHBM,Connecticut Department of Public Health,1CTDPHBM-300,ISLAND BEACH,BEACH Program Site-Estuary,Long Island Sound,02030203,,,,,40.9891600000,-73.6116400000,,,,GPS-Unspecified,WGS84,,,,,,,US,09,001,,,,,,,,,,STORET
1CTDPHBM,Connecticut Department of Public Health,1CTDPHBM-3000,MARVIN BEACH,BEACH Program Site-Estuary,Long Island Sound,02030203,,,,,41.0919400000,-73.4009100000,,,,GPS-Unspecified,WGS84,,,,,,,US,09,001,,,,,,,,,,STORET
1CTDPHBM,Connecticut Department of Public Health,1CTDPHBM-3100,CALF PASTURE BEACH,BEACH Program Site-Estuary,Long Island Sound,02030203,,,,,41.0859600000,-73.3923200000,,,,GPS-Unspecified,WGS84,,,,,,,US,09,001,,,,,,,,,,STORET
1CTDPHBM,Connecticut Department of Public Health,1CTDPHBM-3200,CALF PASTURE BEACH,BEACH Program Site-Estuary,Long Island Sound,01100006,,,,,41.0849100000,-73.3926400000,,,,GPS-Unspecified,WGS84,,,,,,,US,09,001,,,,,,,,,,STORET
1CTDPHBM,Connecticut Department of Public Health,1CTDPHBM-3300,CALF PASTURE BEACH,BEACH Program Site-Estuary,Long Island Sound,02030203,,,,,41.0839700000,-73.3927700000,,,,GPS-Unspecified,WGS84,,,,,,,US,09,001,,,,,,,,,,STORET
1CTDPHBM,Connecticut Department of Public Health,1CTDPHBM-3400,SHADY BEACH,BEACH Program Site-Estuary,Long Island Sound,02030203,,,,,41.0887300000,-73.3906600000,,,,GPS-Unspecified,WGS84,,,,,,,US,09,001,,,,,,,,,,STORET
1CTDPHBM,Connecticut Department of Public Health,1CTDPHBM-3500,SHADY BEACH,BEACH Program Site-Estuary,Long Island Sound,02030203,,,,,41.0881800000,-73.3911700000,,,,GPS-Unspecified,WGS84,,,,,,,US,09,001,,,,,,,,,,STORET
1CTDPHBM,Connecticut Department of Public Health,1CTDPHBM-3600,SHADY BEACH,BEACH Program Site-Estuary,Long Island Sound,02030203,,,,,41.0875400000,-73.3915900000,,,,GPS-Unspecified,WGS84,,,,,,,US,09,001,,,,,,,,,,STORET
1CTDPHBM,Connecticut Department of Public Health,1CTDPHBM-3700,SHADY BEACH,BEACH Program Site-Estuary,Long Island Sound,02030203,,,,,41.0867600000,-73.3919500000,,,,GPS-Unspecified,WGS84,,,,,,,US,09,001,,,,,,,,,,STORET
1CTDPHBM,Connecticut Department of Public Health,1CTDPHBM-3800,COMPO BEACH,BEACH Program Site-Estuary,Long Island Sound,01100006,,,,,41.1040500000,-73.3560500000,,,,GPS-Unspecified,WGS84,,,,,,,US,09,001,,,,,,,,,,STORET
1CTDPHBM,Connecticut Department of Public Health,1CTDPHBM-3900,COMPO BEACH,BEACH Program Site-Estuary,Long Island Sound,02030203,,,,,41.1031500000,-73.3544500000,,,,GPS-Unspecified,WGS84,,,,,,,US,09,001,,,,,,,,,,STORET
1CTDPHBM,Connecticut Department of Public Health,1CTDPHBM-400,ISLAND BEACH,BEACH Program Site-Estuary,Long Island Sound,02030203,,,,,40.9894100000,-73.6107300000,,,,GPS-Unspecified,WGS84,,,,,,,US,09,001,,,,,,,,,,STORET
1CTDPHBM,Connecticut Department of Public Health,1CTDPHBM-4000,COMPO BEACH,BEACH Program Site-Estuary,Long Island Sound,01100006,,,,,41.1028500000,-73.3528500000,,,,GPS-Unspecified,WGS84,,,,,,,US,09,001,,,,,,,,,,STORET
1CTDPHBM,Connecticut Department of Public Health,1CTDPHBM-4100,COMPO BEACH,BEACH Program Site-Estuary,Long Island Sound,01100006,,,,,41.1068500000,-73.3498500000,,,,GPS-Unspecified,WGS84,,,,,,,US,09,001,,,,,,,,,,STORET
1CTDPHBM,Connecticut Department of Public Health,1CTDPHBM-4200,BURYING HILL BEACH,BEACH Program Site-Estuary,Long Island Sound,01100006,,,,,41.1157500000,-73.3188500000,,,,GPS-Unspecified,WGS84,,,,,,,US,09,001,,,,,,,,,,STORET
1CTDPHBM,Connecticut Department of Public Health,1CTDPHBM-4300,SOUTHPORT BEACH,BEACH Program Site-Estuary,Long Island Sound,02030203,,,,,41.1253600000,-73.2971900000,,,,GPS-Unspecified,WGS84,,,,,,,US,09,001,,,,,,,,,,STORET
1CTDPHBM,Connecticut Department of Public Health,1CTDPHBM-4400,SOUTHPORT BEACH,BEACH Program Site-Estuary,Long Island Sound,02030203,,,,,41.1260100000,-73.2958900000,,,,GPS-Unspecified,WGS84,,,,,,,US,09,001,,,,,,,,,,STORET
1CTDPHBM,Connecticut Department of Public Health,1CTDPHBM-4500,SASCO BEACH,BEACH Program Site-Estuary,Long Island Sound,02030203,,,,,41.1250600000,-73.2789800000,,,,GPS-Unspecified,WGS84,,,,,,,US,09,001,,,,,,,,,,STORET
1CTDPHBM,Connecticut Department of Public Health,1CTDPHBM-4600,SASCO BEACH,BEACH Program Site-Estuary,Long Island Sound,02030203,,,,,41.1248000000,-73.2776200000,,,,GPS-Unspecified,WGS84,,,,,,,US,09,001,,,,,,,,,,STORET
1CTDPHBM,Connecticut Department of Public Health,1CTDPHBM-4700,SOUTH PINE CREEK BEACH,BEACH Program Site-Estuary,Long Island Sound,01100006,,,,,41.1206900000,-73.2708000000,,,,GPS-Unspecified,WGS84,,,,,,,US,09,001,,,,,,,,,,STORET
1CTDPHBM,Connecticut Department of Public Health,1CTDPHBM-4800,PENFIELD BEACH,BEACH Program Site-Estuary,Long Island Sound,01100006,,,,,41.1337100000,-73.2410900000,,,,GPS-Unspecified,WGS84,,,,,,,US,09,001,,,,,,,,,,STORET
1CTDPHBM,Connecticut Department of Public Health,1CTDPHBM-4900,PENFIELD BEACH,BEACH Program Site-Estuary,Long Island Sound,02030203,,,,,41.1353900000,-73.2403900000,,,,GPS-Unspecified,WGS84,,,,,,,US,09,001,,,,,,,,,,STORET
1CTDPHBM,Connecticut Department of Public Health,1CTDPHBM-500,GREENWICH POINT BEACH,BEACH Program Site-Estuary,Long Island Sound,02030203,,,,,41.0081300000,-73.5700500000,,,,GPS-Unspecified,WGS84,,,,,,,US,09,001,,,,,,,,,,STORET
1CTDPHBM,Connecticut Department of Public Health,1CTDPHBM-5000,JENNINGS BEACH,BEACH Program Site-Estuary,Long Island Sound,02030203,,,,,41.1390800000,-73.2379600000,,,,GPS-Unspecified,WGS84,,,,,,,US,09,001,,,,,,,,,,STORET
1CTDPHBM,Connecticut Department of Public Health,1CTDPHBM-5100,JENNINGS BEACH,BEACH Program Site-Estuary,Long Island Sound,02030203,,,,,41.1424000000,-73.2348100000,,,,GPS-Unspecified,WGS84,,,,,,,US,09,001,,,,,,,,,,STORET
1CTDPHBM,Connecticut Department of Public Health,1CTDPHBM-5150,SEABRIGHT BEACH,BEACH Program Site-Estuary,Long Island Sound,01100006,,,,,41.1526100000,-73.2211600000,,,,GPS-Unspecified,WGS84,,,,,,,US,09,001,,,,,,,,,,STORET
1CTDPHBM,Connecticut Department of Public Health,1CTDPHBM-5205,SEASIDE PARK BEACH,BEACH Program Site-Estuary,Long Island Sound,01100006,,,,,41.1482000000,-73.2159000000,,,,GPS-Unspecified,WGS84,,,,,,,US,09,001,,,,,,,,,,STORET
1CTDPHBM,Connecticut Department of Public Health,1CTDPHBM-5305,SEASIDE PARK BEACH,BEACH Program Site-Estuary,Long Island Sound,01100006,,,,,41.1518000000,-73.2127000000,,,,GPS-Unspecified,WGS84,,,,,,,US,09,001,,,,,,,,,,STORET
1CTDPHBM,Connecticut Department of Public Health,1CTDPHBM-5405,SEASIDE PARK BEACH,BEACH Program Site-Estuary,Long Island Sound,01100006,,,,,41.1545000000,-73.2094000000,,,,GPS-Unspecified,WGS84,,,,,,,US,09,001,,,,,,,,,,STORET
1CTDPHBM,Connecticut Department of Public Health,1CTDPHBM-5500,SEASIDE PARK BEACH,BEACH Program Site-Estuary,Long Island Sound,02030203,,,,,41.1565500000,-73.2057400000,,,,GPS-Unspecified,WGS84,,,,,,,US,09,001,,,,,,,,,,STORET
1CTDPHBM,Connecticut Department of Public Health,1CTDPHBM-5600,SEASIDE PARK BEACH,BEACH Program Site-Estuary,Long Island Sound,02030203,,,,,41.1578600000,-73.2032300000,,,,GPS-Unspecified,WGS84,,,,,,,US,09,001,,,,,,,,,,STORET
1CTDPHBM,Connecticut Department of Public Health,1CTDPHBM-5700,LONG BEACH (PROPER),BEACH Program Site-Estuary,Long Island Sound,02030203,,,,,41.1507100000,-73.1421700000,,,,GPS-Unspecified,WGS84,,,,,,,US,09,001,,,,,,,,,,STORET
1CTDPHBM,Connecticut Department of Public Health,1CTDPHBM-5800,LONG BEACH (PROPER),BEACH Program Site-Estuary,Long Island Sound,01100006,,,,,41.1493100000,-73.1388400000,,,,GPS-Unspecified,WGS84,,,,,,,US,09,001,,,,,,,,,,STORET
1CTDPHBM,Connecticut Department of Public Health,1CTDPHBM-5900,LONG BEACH (MARNICK'S),BEACH Program Site-Estuary,Long Island Sound,01100006,,,,,41.1473600000,-73.1296700000,,,,GPS-Unspecified,WGS84,,,,,,,US,09,001,,,,,,,,,,STORET
1CTDPHBM,Connecticut Department of Public Health,1CTDPHBM-600,GREENWICH POINT BEACH,BEACH Program Site-Estuary,Long Island Sound,02030203,,,,,41.0061800000,-73.5707400000,,,,GPS-Unspecified,WGS84,,,,,,,US,09,001,,,,,,,,,,STORET
1CTDPHBM,Connecticut Department of Public Health,1CTDPHBM-6000,SHORT BEACH,BEACH Program Site-Estuary,Long Island Sound,01100005,,,,,41.1643200000,-73.1083900000,,,,GPS-Unspecified,WGS84,,,,,,,US,09,001,,,,,,,,,,STORET
1CTDPHBM,Connecticut Department of Public Health,1CTDPHBM-6100,SHORT BEACH,BEACH Program Site-Estuary,Long Island Sound,01100005,,,,,41.1620300000,-73.1091300000,,,,GPS-Unspecified,WGS84,,,,,,,US,09,001,,,,,,,,,,STORET
1CTDPHBM,Connecticut Department of Public Health,1CTDPHBM-6200,SHORT BEACH,BEACH Program Site-Estuary,Long Island Sound,02030203,,,,,41.1596000000,-73.1100200000,,,,GPS-Unspecified,WGS84,,,,,,,US,09,001,,,,,,,,,,STORET
1CTDPHBM,Connecticut Department of Public Health,1CTDPHBM-700,GREENWICH POINT BEACH,BEACH Program Site-Estuary,Long Island Sound,01100006,,,,,41.0048800000,-73.5710100000,,,,GPS-Unspecified,WGS84,,,,,,,US,09,001,,,,,,,,,,STORET
1CTDPHBM,Connecticut Department of Public Health,1CTDPHBM-800,BYRAM BEACH,BEACH Program Site-Estuary,Long Island Sound,01100006,,,,,41.0042500000,-73.6448100000,,,,GPS-Unspecified,WGS84,,,,,,,US,09,001,,,,,,,,,,STORET
1CTDPHBM,Connecticut Department of Public Health,1CTDPHBM-900,BYRAM BEACH,BEACH Program Site-Estuary,Long Island Sound,02030203,,,,,41.0046100000,-73.6445200000,,,,GPS-Unspecified,WGS84,,,,,,,US,09,001,,,,,,,,,,STORET
ASHCREEKCONSERVATIONASSOC,Ash Creek Conservation Association,ASHCREEKCONSERVATIONASSOC-Bridgeport-Harbor-Inner-1,BRH-I-01,River/Stream,Pequonnock River,01100006,,,,,41.1923200000,-73.1891200000,,,,GPS-Unspecified,WGS84,,,,,,,US,09,001,,,,,,,,,,STORET
ASHCREEKCONSERVATIONASSOC,Ash Creek Conservation Association,ASHCREEKCONSERVATIONASSOC-Bridgeport-Harbor-Inner-2,BRH-I-02,River/Stream,Pequonnock River,01100006,,,,,41.1851700000,-73.1891100000,,,,GPS-Unspecified,WGS84,,,,,,,US,09,001,,,,,,,,,,STORET
ASHCREEKCONSERVATIONASSOC,Ash Creek Conservation Association,ASHCREEKCONSERVATIONASSOC-Bridgeport-Harbor-Inner-3,BRH-I-03,River/Stream,Pequonnock River,01100006,,,,,41.1799700000,-73.1859700000,,,,GPS-Unspecified,WGS84,,,,,,,US,09,001,,,,,,,,,,STORET
ASHCREEKCONSERVATIONASSOC,Ash Creek Conservation Association,ASHCREEKCONSERVATIONASSOC-Bridgeport-Harbor-Outer-10,BRH-O-10,River/Stream,Yellow Mill Channel,01100006,,,,,41.1782100000,-73.1756480000,,,,GPS-Unspecified,WGS84,,,,,,,US,09,001,,,,,,,,,,STORET
ASHCREEKCONSERVATIONASSOC,Ash Creek Conservation Association,ASHCREEKCONSERVATIONASSOC-Bridgeport-Harbor-Outer-4,BRH-O-04,River/Stream,Yellow Mill Channel,01100006,,,,,41.1825000000,-73.1731200000,,,,GPS-Unspecified,WGS84,,,,,,,US,09,001,,,,,,,,,,STORET
ASHCREEKCONSERVATIONASSOC,Ash Creek Conservation Association,ASHCREEKCONSERVATIONASSOC-Bridgeport-Harbor-Outer-5,BRH-O-05,Estuary,Bridgeport Harbor,02030203,,,,,41.1721000000,-73.1819000000,,,,GPS-Unspecified,WGS84,,,,,,,US,09,001,,,,,,,,,,STORET
ASHCREEKCONSERVATIONASSOC,Ash Creek Conservation Association,ASHCREEKCONSERVATIONASSOC-Bridgeport-Harbor-Outer-6,BRH-O-06,Estuary,Bridgeport Harbor,02030203,,,,,41.1624700000,-73.1786300000,,,,GPS-Unspecified,WGS84,,,,,,,US,09,001,,,,,,,,,,STORET
ASHCREEKCONSERVATIONASSOC,Ash Creek Conservation Association,ASHCREEKCONSERVATIONASSOC-Bridgeport-Harbor-Outer-7,BRH-O-07,Estuary,Bridgeport Harbor,02030203,,,,,41.1639800000,-73.1714700000,,,,GPS-Unspecified,WGS84,,,,,,,US,09,001,,,,,,,,,,STORET
ASHCREEKCONSERVATIONASSOC,Ash Creek Conservation Association,ASHCREEKCONSERVATIONASSOC-Bridgeport-Harbor-Outer-8,BRH-O-08,Estuary,Bridgeport Harbor,02030203,,,,,41.1651600000,-73.1648900000,,,,GPS-Unspecified,WGS84,,,,,,,US,09,001,,,,,,,,,,STORET
ASHCREEKCONSERVATIONASSOC,Ash Creek Conservation Association,ASHCREEKCONSERVATIONASSOC-Bridgeport-Harbor-Outer-9,BRH-O-09,River/Stream,Johnson's Creek,02030203,,,,,41.1697500000,-73.1633900000,,,,GPS-Unspecified,WGS84,,,,,,,US,09,001,,,,,,,,,,STORET
CT_DEP01_WQX,Connecticut Department Of Energy And Environmental Protection,CT_DEP01_WQX-14360,Norwalk River,River/Stream,,01100006,,,,,41.2675000000,-73.4414000000,24000,,,Interpolation-Map,NAD83,,,,,,,US,09,001,,,,,,,,,,STORET
CT_DEP01_WQX,Connecticut Department Of Energy And Environmental Protection,CT_DEP01_WQX-14361,Norwalk River,River/Stream,,01100006,,,,,41.1359000000,-73.4260000000,24000,,,Interpolation-Map,NAD83,,,,,,,US,09,001,,,,,,,,,,STORET
CT_DEP01_WQX,Connecticut Department Of Energy And Environmental Protection,CT_DEP01_WQX-14366,Norwalk River,River/Stream,,01100006,,,,,41.2460000000,-73.4341000000,24000,,,Interpolation-Map,NAD83,,,,,,,US,09,001,,,,,,,,,,STORET
CT_DEP01_WQX,Connecticut Department Of Energy And Environmental Protection,CT_DEP01_WQX-14370,Norwalk River,River/Stream,,01100006,,,,,41.1909000000,-73.4297000000,24000,,,Interpolation-Map,NAD83,,,,,,,US,09,001,,,,,,,,,,STORET
CT_DEP01_WQX,Connecticut Department Of Energy And Environmental Protection,CT_DEP01_WQX-14444,Saugatuck River,River/Stream,,01100006,,,,,41.2945000000,-73.3948000000,24000,,,Interpolation-Map,NAD83,,,,,,,US,09,001,,,,,,,,,,STORET
CT_DEP01_WQX,Connecticut Department Of Energy And Environmental Protection,CT_DEP01_WQX-14458,Still River,River/Stream,,01100005,,,,,41.4389000000,-73.4010000000,24000,,,Interpolation-Map,NAD83,,,,,,,US,09,001,,,,,,,,,,STORET
CT_DEP01_WQX,Connecticut Department Of Energy And Environmental Protection,CT_DEP01_WQX-14556,Silvermine River,River/Stream,,01100006,,,,,41.1361000000,-73.4346000000,24000,,,Interpolation-Map,NAD83,,,,,,,US,09,001,,,,,,,,,,STORET
CT_DEP01_WQX,Connecticut Department Of Energy And Environmental Protection,CT_DEP01_WQX-14568,Norwalk River,River/Stream,,01100006,,,,,41.1978000000,-73.4356000000,24000,,,Interpolation-Map,NAD83,,,,,,,US,09,001,,,,,,,,,,STORET
CT_DEP01_WQX,Connecticut Department Of Energy And Environmental Protection,CT_DEP01_WQX-15016,Titicus River,River/Stream,,02030101,,,,,41.3304000000,-73.5292000000,24000,,,GPS-Unspecified,NAD83,,,,,,,US,09,001,,,,,,,,,,STORET
CT_DEP01_WQX,Connecticut Department Of Energy And Environmental Protection,CT_DEP01_WQX-15079,Norwalk River,River/Stream,,01100006,,,,,41.2574000000,-73.4290000000,24000,,,Interpolation-Map,NAD83,,,,,,,US,09,001,,,,,,,,,,STORET
CT_DEP01_WQX,Connecticut Department Of Energy And Environmental Protection,CT_DEP01_WQX-15397,Silvermine River,River/Stream,,01100006,,,,,41.1483000000,-73.4430000000,24000,,,Interpolation-Map,NAD83,,,,,,,US,09,001,,,,,,,,,,STORET
CT_DEP01_WQX,Connecticut Department Of Energy And Environmental Protection,CT_DEP01_WQX-15627,Lake Kenosia,Reservoir,,01100005,,,,,41.3824000000,-73.4995000000,24000,,,Interpolation-Map,NAD83,,,,,,,US,09,001,,,,,,,,,,STORET
CT_DEP01_WQX,Connecticut Department Of Energy And Environmental Protection,CT_DEP01_WQX-15635,Saugatuck Reservoir,Reservoir,,01100006,,,,,41.2510000000,-73.3503000000,24000,,,Interpolation-Map,NAD83,,,,,,,US,09,001,,,,,,,,,,STORET
CT_DEP01_WQX,Connecticut Department Of Energy And Environmental Protection,CT_DEP01_WQX-15857,Mill River,River/Stream,,01100006,,,,,41.1521000000,-73.2726000000,24000,,,Interpolation-Map,NAD83,,,,,,,US,09,001,,,,,,,,,,STORET
CT_DEP01_WQX,Connecticut Department Of Energy And Environmental Protection,CT_DEP01_WQX-15916,Housatonic River,Riverine Impoundment,,01100005,,,,,41.3443000000,-73.1249000000,24000,,,Interpolation-Map,NAD83,,,,,,,US,09,001,,,,,,,,,,STORET
CT_DEP01_WQX,Connecticut Department Of Energy And Environmental Protection,CT_DEP01_WQX-15917,Housatonic River,Riverine Impoundment,,01100005,,,,,41.3431000000,-73.1242000000,24000,,,Interpolation-Map,NAD83,,,,,,,US,09,001,,,,,,,,,,STORET
CT_DEP01_WQX,Connecticut Department Of Energy And Environmental Protection,CT_DEP01_WQX-15940,Sherwood Island SP beach,BEACH Program Site-Estuary,,02030203,,,,,41.1149000000,-73.3223000000,24000,,,Interpolation-Map,NAD83,,,,,,,US,09,001,,,,,,,,,,STORET
CT_DEP01_WQX,Connecticut Department Of Energy And Environmental Protection,CT_DEP01_WQX-15941,Sherwood Island SP beach,BEACH Program Site-Estuary,,02030203,,,,,41.1122000000,-73.3273000000,24000,,,Interpolation-Map,NAD83,,,,,,,US,09,001,,,,,,,,,,STORET
CT_DEP01_WQX,Connecticut Department Of Energy And Environmental Protection,CT_DEP01_WQX-15942,Sherwood Island SP beach,BEACH Program Site-Estuary,,02030203,,,,,41.1113000000,-73.3375000000,24000,,,Interpolation-Map,NAD83,,,,,,,US,09,001,,,,,,,,,,STORET
CT_DEP01_WQX,Connecticut Department Of Energy And Environmental Protection,CT_DEP01_WQX-15943,Squantz Pond,Lake,,01100005,,,,,41.5120000000,-73.4765000000,24000,,,Interpolation-Map,NAD83,,,,,,,US,09,001,,,,,,,,,,STORET
CT_DEP01_WQX,Connecticut Department Of Energy And Environmental Protection,CT_DEP01_WQX-15944,Squantz Pond,Lake,,01100005,,,,,41.5122000000,-73.4760000000,24000,,,Interpolation-Map,NAD83,,,,,,,US,09,001,,,,,,,,,,STORET
CT_DEP01_WQX,Connecticut Department Of Energy And Environmental Protection,CT_DEP01_WQX-16038,Deep Brook,River/Stream,,01100005,,,,,41.4029000000,-73.3079000000,24000,,,Interpolation-Map,NAD83,,,,,,,US,09,001,,,,,,,,,,STORET
CT_DEP01_WQX,Connecticut Department Of Energy And Environmental Protection,CT_DEP01_WQX-16188,Lake Zoar,Riverine Impoundment,,01100005,,,,,41.3969500000,-73.1885800000,24000,,,GPS-Unspecified,NAD83,,,,,,,US,09,001,,,,,,,,,,STORET
CT_DEP01_WQX,Connecticut Department Of Energy And Environmental Protection,CT_DEP01_WQX-16275,Converse Pond Brook,River/Stream,,01100006,,,,,41.1001000000,-73.6550000000,24000,,,Interpolation-Map,NAD83,,,,,,,US,09,001,,,,,,,,,,STORET
CT_DEP01_WQX,Connecticut Department Of Energy And Environmental Protection,CT_DEP01_WQX-16583,Comstock Brook,River/Stream,,01100006,,,,,41.2125000000,-73.4622000000,24000,,,Unknown,NAD83,,,,,,,US,09,001,,,,,,,,,,STORET
CT_DEP01_WQX,Connecticut Department Of Energy And Environmental Protection,CT_DEP01_WQX-16649,Farmill River,River/Stream,,01100005,,,,,41.2633000000,-73.1047000000,24000,,,Unknown,NAD83,,,,,,,US,09,001,,,,,,,,,,STORET
CT_DEP01_WQX,Connecticut Department Of Energy And Environmental Protection,CT_DEP01_WQX-16708,Greenwood Brook,River/Stream,,01100005,,,,,41.5694000000,-73.5072000000,24000,,,Unknown,NAD83,,,,,,,US,09,001,,,,,,,,,,STORET
CT_DEP01_WQX,Connecticut Department Of Energy And Environmental Protection,CT_DEP01_WQX-16958,Pequonnock River,River/Stream,,01100006,,,,,41.2600000000,-73.2136000000,24000,,,Unknown,NAD83,,,,,,,US,09,001,,,,,,,,,,STORET
CT_DEP01_WQX,Connecticut Department Of Energy And Environmental Protection,CT_DEP01_WQX-17012,Rockwood Lake outflow; downstream of Rte 15,River/Stream,,01100006,,,,,41.0886000000,-73.6272000000,24000,,,Unknown,NAD83,,,,,,,US,09,001,,,,,,,,,,STORET
CT_DEP01_WQX,Connecticut Department Of Energy And Environmental Protection,CT_DEP01_WQX-17217,01,Estuary,,02030203,,,,,40.9633330000,-73.6236670000,24000,,,GPS-Unspecified,NAD83,,,,,,,US,09,001,,,,,,,,,,STORET
CT_DEP01_WQX,Connecticut Department Of Energy And Environmental Protection,CT_DEP01_WQX-17219,03,Estuary,,02030203,,,,,40.9793330000,-73.5606670000,24000,,,GPS-Unspecified,NAD83,,,,,,,US,09,001,,,,,,,,,,STORET
CT_DEP01_WQX,Connecticut Department Of Energy And Environmental Protection,CT_DEP01_WQX-17221,05,Estuary,,02030203,,,,,41.0093330000,-73.5136670000,24000,,,GPS-Unspecified,NAD83,,,,,,,US,09,001,,,,,,,,,,STORET
CT_DEP01_WQX,Connecticut Department Of Energy And Environmental Protection,CT_DEP01_WQX-17224,08,Estuary,,02030203,,,,,41.0408330000,-73.4180000000,24000,,,GPS-Unspecified,NAD83,,,,,,,US,09,001,,,,,,,,,,STORET
CT_DEP01_WQX,Connecticut Department Of Energy And Environmental Protection,CT_DEP01_WQX-17226,12,Estuary,,02030203,,,,,41.1086670000,-73.2530000000,24000,,,GPS-Unspecified,NAD83,,,,,,,US,09,001,,,,,,,,,,STORET
CT_DEP01_WQX,Connecticut Department Of Energy And Environmental Protection,CT_DEP01_WQX-17227,13,Estuary,,02030203,,,,,41.0583330000,-73.2343330000,24000,,,GPS-Unspecified,NAD83,,,,,,,US,09,001,,,,,,,,,,STORET
CT_DEP01_WQX,Connecticut Department Of Energy And Environmental Protection,CT_DEP01_WQX-17229,16,Estuary,,02030203,,,,,41.1203330000,-73.1625000000,24000,,,GPS-Unspecified,NAD83,,,,,,,US,09,001,,,,,,,,,,STORET
CT_DEP01_WQX,Connecticut Department Of Energy And Environmental Protection,CT_DEP01_WQX-17230,18,Estuary,,02030203,,,,,41.1223330000,-73.0900000000,24000,,,GPS-Unspecified,NAD83,,,,,,,US,09,001,,,,,,,,,,STORET
CT_DEP01_WQX,Connecticut Department Of Energy And Environmental Protection,CT_DEP01_WQX-17234,22,Estuary,,02030203,,,,,41.0823330000,-73.0228330000,24000,,,GPS-Unspecified,NAD83,,,,,,,US,09,001,,,,,,,,,,STORET
CT_DEP01_WQX,Connecticut Department Of Energy And Environmental Protection,CT_DEP01_WQX-17252,C2,Estuary,,02030203,,,,,40.9843330000,-73.5021670000,24000,,,GPS-Unspecified,NAD83,,,,,,,US,09,001,,,,,,,,,,STORET
CT_DEP01_WQX,Connecticut Department Of Energy And Environmental Protection,CT_DEP01_WQX-17253,D3,Estuary,,02030203,,,,,40.9938330000,-73.4113330000,24000,,,GPS-Unspecified,NAD83,,,,,,,US,09,001,,,,,,,,,,STORET
CT_DEP01_WQX,Connecticut Department Of Energy And Environmental Protection,CT_DEP01_WQX-17254,09,Estuary,,02030203,,,,,41.0708330000,-73.3361670000,24000,,,GPS-Unspecified,NAD83,,,,,,,US,09,001,,,,,,,,,,STORET
CT_DEP01_WQX,Connecticut Department Of Energy And Environmental Protection,CT_DEP01_WQX-17255,E1,Estuary,,02030203,,,,,41.0193330000,-73.2913330000,24000,,,GPS-Unspecified,NAD83,,,,,,,US,09,001,,,,,,,,,,STORET
CT_DEP01_WQX,Connecticut Department Of Energy And Environmental Protection,CT_DEP01_WQX-17257,F2,Estuary,,02030203,,,,,41.0803330000,-73.1653330000,24000,,,GPS-Unspecified,NAD83,,,,,,,US,09,001,,,,,,,,,,STORET
CT_DEP01_WQX,Connecticut Department Of Energy And Environmental Protection,CT_DEP01_WQX-18148,Ball Pond,Lake,,01100005,,,,,41.4629530000,-73.5237210000,24000,,,Interpolation-Satellite,WGS84,,,,,,,US,09,001,,,,,,,,,,STORET
CT_DEP01_WQX,Connecticut Department Of Energy And Environmental Protection,CT_DEP01_WQX-19022,Comstock Brook,River/Stream,,01100006,,,,,41.2044470000,-73.4479640000,0,,,Interpolation-Satellite,WGS84,,,,,,,US,09,001,,,,,,,,,,STORET
CT_DEP01_WQX,Connecticut Department Of Energy And Environmental Protection,CT_DEP01_WQX-19337,Mamanasco Lake,Lake,,02030101,,,,,41.3195000000,-73.5268400000,0,,,Interpolation-Satellite,WGS84,,,,,,,US,09,001,,,,,,,,,,STORET
CT_DEP01_WQX,Connecticut Department Of Energy And Environmental Protection,CT_DEP01_WQX-20060,Hurds Brook,River/Stream,,01100005,,,,,41.3500000000,-73.1919800000,0,,,Interpolation-Satellite,WGS84,,,,,,,US,09,001,,,,,,,,,,STORET
CT_DEP01_WQX,Connecticut Department Of Energy And Environmental Protection,CT_DEP01_WQX-20459,Wolf Pit Brook,River/Stream,,01100005,,,,,41.3667140000,-73.3843680000,0,,,Interpolation-Satellite,WGS84,,,,,,,US,09,001,,,,,,,,,,STORET
CT_DEP01_WQX,Connecticut Department Of Energy And Environmental Protection,CT_DEP01_WQX-20526,NNT to Belden Hill Brook,River/Stream,,01100006,,,,,41.1722700000,-73.4426600000,0,,,Interpolation-Satellite,WGS84,,,,,,,US,09,001,,,,,,,,,,STORET
CT_DEP01_WQX,Connecticut Department Of Energy And Environmental Protection,CT_DEP01_WQX-20527,"Horseneck Brook, Unnamed tributary to",River/Stream,,01100006,,,,,41.1040780000,-73.6333110000,0,,,Interpolation-Satellite,WGS84,,,,,,,US,09,001,,,,,,,,,,STORET
CT_DEP01_WQX,Connecticut Department Of Energy And Environmental Protection,CT_DEP01_WQX-20635,Browns Brook,River/Stream,,01100006,,,,,41.1652180000,-73.2869690000,0,,,Interpolation-Digital Map Source,WGS84,,,,,,,US,09,001,,,,,,,,,,STORET
CTVOLMON,CT DEEP Volunteer Water Monitoring Program (Volunteer),CTVOLMON-14172,Deep Brook,River/Stream,,01100005,,,,,41.4131000000,-73.2823000000,,,,Unknown,UNKWN,,,,,,,US,09,001,,,,,,,,,,STORET
CTVOLMON,CT DEEP Volunteer Water Monitoring Program (Volunteer),CTVOLMON-14406,Pootatuck River,River/Stream,,01100005,,,,,41.4064000000,-73.2720000000,,,,Unknown,UNKWN,,,,,,,US,09,001,,,,,,,,,,STORET
CTVOLMON,CT DEEP Volunteer Water Monitoring Program (Volunteer),CTVOLMON-14445,Saugatuck River,River/Stream,,01100006,,,,,41.1693000000,-73.3670000000,,,,GPS-Unspecified,NAD83,,,,,,,US,09,001,,,,,,,,,,STORET
CTVOLMON,CT DEEP Volunteer Water Monitoring Program (Volunteer),CTVOLMON-14741,Titicus River,River/Stream,"Upstream of Sherwood Road, RIDGEFIELD",02030101,,,,,41.3287000000,-73.5218000000,,,,GPS-Unspecified,NAD83,,,,,,,US,09,001,,,,,,,,,,STORET
CTVOLMON,CT DEEP Volunteer Water Monitoring Program (Volunteer),CTVOLMON-15239,East Branch Byram River,River/Stream,,01100006,,,,,41.0995000000,-73.6832000000,,,,GPS-Unspecified,NAD83,,,,,,,US,09,001,,,,,,,,,,STORET
CTVOLMON,CT DEEP Volunteer Water Monitoring Program (Volunteer),CTVOLMON-15280,Pootatuck River,River/Stream,,01100005,,,,,41.4149000000,-73.2827000000,,,,GPS-Unspecified,NAD83,,,,,,,US,09,001,,,,,,,,,,STORET
CTVOLMON,CT DEEP Volunteer Water Monitoring Program (Volunteer),CTVOLMON-15284,Mill River,River/Stream,"downstream Sport Hill Rd (Rte 59) adjacent to Congress Street, FAIRFIELD",01100006,,,,,41.2218000000,-73.2558000000,0,,,Interpolation-Digital Map Source,WGS84,,,,,,,US,09,001,,,,,,,,,,STORET
CTVOLMON,CT DEEP Volunteer Water Monitoring Program (Volunteer),CTVOLMON-15370,Saugatuck River,River/Stream,,01100006,,,,,41.1927000000,-73.3617000000,,,,GPS-Unspecified,NAD83,,,,,,,US,09,001,,,,,,,,,,STORET
CTVOLMON,CT DEEP Volunteer Water Monitoring Program (Volunteer),CTVOLMON-15375,Aspetuck River,River/Stream,,01100006,,,,,41.1769000000,-73.3579000000,,,,GPS-Unspecified,NAD83,,,,,,,US,09,001,,,,,,,,,,STORET
CTVOLMON,CT DEEP Volunteer Water Monitoring Program (Volunteer),CTVOLMON-15707,Deep Brook,River/Stream,,01100005,,,,,41.4069000000,-73.2888000000,,,,Unknown,UNKWN,,,,,,,US,09,001,,,,,,,,,,STORET
CTVOLMON,CT DEEP Volunteer Water Monitoring Program (Volunteer),CTVOLMON-15764,Deep Brook,River/Stream,,01100005,,,,,41.4082000000,-73.2867000000,,,,GPS-Unspecified,NAD83,,,,,,,US,09,001,,,,,,,,,,STORET
CTVOLMON,CT DEEP Volunteer Water Monitoring Program (Volunteer),CTVOLMON-15839,"Deep Brook, tributary to (""Oil Creek"" or ""Meeker Brook"")",River/Stream,,01100005,,,,,41.4070000000,-73.2882000000,,,,GPS-Unspecified,NAD83,,,,,,,US,09,001,,,,,,,,,,STORET
CTVOLMON,CT DEEP Volunteer Water Monitoring Program (Volunteer),CTVOLMON-16039,Deep Brook,River/Stream,,01100005,,,,,41.4023000000,-73.2947000000,,,,Unknown,UNKWN,,,,,,,US,09,001,,,,,,,,,,STORET
CTVOLMON,CT DEEP Volunteer Water Monitoring Program (Volunteer),CTVOLMON-16083,Halfway River,River/Stream,"Dowstream Route 34 adjacent to Old Bridge Road (Eichler's Cove), NEWTOWN",01100005,,,,,41.3887000000,-73.1885000000,0,,,Interpolation-Digital Map Source,WGS84,,,,,,,US,09,001,,,,,,,,,,STORET
CTVOLMON,CT DEEP Volunteer Water Monitoring Program (Volunteer),CTVOLMON-16094,Pootatuck River,River/Stream,"at Sandy Hook Center, NEWTOWN",01100005,,,,,41.4222000000,-73.2820000000,0,,,Interpolation-Digital Map Source,WGS84,,,,,,,US,09,001,,,,,,,,,,STORET
CTVOLMON,CT DEEP Volunteer Water Monitoring Program (Volunteer),CTVOLMON-16095,Pootatuck River,River/Stream,"upstream Confluence with Deep Brook (adjacent to Ag fields), NEWTOWN",01100005,,,,,41.4124000000,-73.2817000000,0,,,Interpolation-Digital Map Source,WGS84,,,,,,,US,09,001,,,,,,,,,,STORET
CTVOLMON,CT DEEP Volunteer Water Monitoring Program (Volunteer),CTVOLMON-16146,East Branch Byram River,River/Stream,,01100006,,,,,41.0612000000,-73.6748000000,,,,GPS-Unspecified,NAD83,,,,,,,US,09,001,,,,,,,,,,STORET
CTVOLMON,CT DEEP Volunteer Water Monitoring Program (Volunteer),CTVOLMON-16420,Pootatuck River,River/Stream,,01100005,,,,,41.4376000000,-73.2702000000,,,,GPS-Unspecified,NAD83,,,,,,,US,09,001,,,,,,,,,,STORET
CTVOLMON,CT DEEP Volunteer Water Monitoring Program (Volunteer),CTVOLMON-17391,Mill River,River/Stream,"20 yds DS of upper-most S Park Ave, 0.57 miles DS of Easton Res, EASTON",01100006,,,,,41.2412000000,-73.2540000000,0,,,Interpolation-Digital Map Source,WGS84,,,,,,,US,09,001,,,,,,,,,,STORET
CTVOLMON,CT DEEP Volunteer Water Monitoring Program (Volunteer),CTVOLMON-18141,Norwalk River,River/Stream,,01100006,,,,,41.2930000000,-73.4513100000,,,,GPS-Unspecified,NAD83,,,,,,,US,09,001,,,,,,,,,,STORET
CTVOLMON,CT DEEP Volunteer Water Monitoring Program (Volunteer),CTVOLMON-18734,Pootatuck river,River/Stream,,01100005,,,,,41.4199940000,-73.2821880000,,,,Unknown,UNKWN,,,,,,,US,09,001,,,,,,,,,,STORET
CTVOLMON,CT DEEP Volunteer Water Monitoring Program (Volunteer),CTVOLMON-20024,North Branch Pootatuck River,River/Stream,,01100005,,,,,41.3763240000,-73.2733070000,,,,Unknown,UNKWN,,,,,,,US,09,001,,,,,,,,,,STORET
CTVOLMON,CT DEEP Volunteer Water Monitoring Program (Volunteer),CTVOLMON-20481,Pootatuck River,River/Stream,"Upstream Wasserman Way, NEWTOWN",01100005,,,,,41.4061110000,-73.2719440000,0,,,Interpolation-Digital Map Source,WGS84,,,,,,,US,09,001,,,,,,,,,,STORET
CTVOLMON,CT DEEP Volunteer Water Monitoring Program (Volunteer),CTVOLMON-20482,Mill River,River/Stream,"Upstream Congress St. (near Heritage Dr.), FAIRFIELD",01100006,,,,,41.2157090000,-73.2602600000,0,,,Interpolation-Digital Map Source,WGS84,,,,,,,US,09,001,,,,,,,,,,STORET
CTVOLMON,CT DEEP Volunteer Water Monitoring Program (Volunteer),CTVOLMON-20483,Pequonnock River,River/Stream,"Within Parlor Rock Park, upstream NNT (near Riverside Drive), TRUMBULL",01100006,,,,,41.2817650000,-73.2235100000,0,,,Interpolation-Digital Map Source,WGS84,,,,,,,US,09,001,,,,,,,,,,STORET
CTVOLMON,CT DEEP Volunteer Water Monitoring Program (Volunteer),CTVOLMON-20484,Pequonnock River,River/Stream,"Near Taits Mill Rd and Tait Rd intersection, TRUMBULL",01100006,,,,,41.2476650000,-73.2000600000,0,,,Interpolation-Digital Map Source,WGS84,,,,,,,US,09,001,,,,,,,,,,STORET
CTVOLMON,CT DEEP Volunteer Water Monitoring Program (Volunteer),CTVOLMON-20645,East Branch Converse Pond Brook,River/Stream,"400 ft. downstream of Porchuck Road, GREENWICH",01100006,,,,,41.0790140000,-73.6769380000,,,,GPS-Unspecified,NAD83,,,,,,,US,09,001,,,,,,,,,,STORET
CTVOLMON,CT DEEP Volunteer Water Monitoring Program (Volunteer),CTVOLMON-20646,East Branch Silvermine River,River/Stream,"At Gay Road, RIDGEFIELD",01100006,,,,,41.2498350000,-73.4839160000,,,,GPS-Unspecified,NAD83,,,,,,,US,09,001,,,,,,,,,,STORET
CTVOLMON,CT DEEP Volunteer Water Monitoring Program (Volunteer),CTVOLMON-20648,Miry Brook,River/Stream,"Adjacent Miry Brook Road, at the Wooster School ballfield pedestrian bridge crossing, DANBURY",01100005,,,,,41.3672680000,-73.4964780000,,,,GPS-Unspecified,NAD83,,,,,,,US,09,001,,,,,,,,,,STORET
CTVOLMON,CT DEEP Volunteer Water Monitoring Program (Volunteer),CTVOLMON-20649,Mopus Brook,River/Stream,"Upstream Mopus Bridge Road, RIDGEFIELD",02030101,,,,,41.3341550000,-73.5416450000,,,,GPS-Unspecified,NAD83,,,,,,,US,09,001,,,,,,,,,,STORET
CTVOLMON,CT DEEP Volunteer Water Monitoring Program (Volunteer),CTVOLMON-20650,Quaker Brook,River/Stream,"Within the Great Hollow Nature Preserve & Ecological Research Center, NEW FAIRFIELD",02030101,,,,,41.5050880000,-73.5305450000,,,,GPS-Unspecified,NAD83,,,,,,,US,09,001,,,,,,,,,,STORET
CTVOLMON,CT DEEP Volunteer Water Monitoring Program (Volunteer),CTVOLMON-20652,Round Pond Outlet,River/Stream,"At Oreneca Road, RIDGEFIELD",02030101,,,,,41.3025290000,-73.5414210000,,,,GPS-Unspecified,NAD83,,,,,,,US,09,001,,,,,,,,,,STORET
CTVOLMON,CT DEEP Volunteer Water Monitoring Program (Volunteer),CTVOLMON-20654,Still River,River/Stream,"Behind the Courtyard Marriott, DANBURY",01100005,,,,,41.4119440000,-73.4148380000,,,,GPS-Unspecified,NAD83,,,,,,,US,09,001,,,,,,,,,,STORET
CTVOLMON,CT DEEP Volunteer Water Monitoring Program (Volunteer),CTVOLMON-20805,Mianus River,River/Stream,,01100006,,,,,41.0627100000,-73.5797800000,,,,GPS-Unspecified,NAD83,,,,,,,US,09,001,,,,,,,,,,STORET
CTVOLMON,CT DEEP Volunteer Water Monitoring Program (Volunteer),CTVOLMON-20888,Brothers Brook,River/Stream,,01100006,,,,,41.0479180000,-73.6008080000,,,,GPS-Unspecified,NAD83,,,,,,,US,09,001,,,,,,,,,,STORET
CTVOLMON,CT DEEP Volunteer Water Monitoring Program (Volunteer),CTVOLMON-20889,Greenwich Creek,River/Stream,,01100006,,,,,41.0541810000,-73.6102010000,,,,GPS-Unspecified,NAD83,,,,,,,US,09,001,,,,,,,,,,STORET
CTVOLMON,CT DEEP Volunteer Water Monitoring Program (Volunteer),CTVOLMON-20979,North Branch Pootatuck River,River/Stream,,01100005,,,,,41.3763560000,-73.2774790000,,,,GPS-Unspecified,NAD83,,,,,,,US,09,001,,,,,,,,,,STORET
CTVOLMON,CT DEEP Volunteer Water Monitoring Program (Volunteer),CTVOLMON-Bruce-0.5,Bruce 0.5,River/Stream,,01100006,,,,,41.1739560000,-73.1585600000,,,,Unknown,UNKWN,,,,,,,US,09,001,,,,,,,,,,STORET
CTVOLMON,CT DEEP Volunteer Water Monitoring Program (Volunteer),CTVOLMON-Bruce-1,Bruce 1,River/Stream,,01100006,,,,,41.1838600000,-73.1544670000,,,,Unknown,UNKWN,,,,,,,US,09,001,,,,,,,,,,STORET
CTVOLMON,CT DEEP Volunteer Water Monitoring Program (Volunteer),CTVOLMON-Bruce-2,Bruce 2,River/Stream,,01100006,,,,,41.1918800000,-73.1542700000,,,,Unknown,UNKWN,,,,,,,US,09,001,,,,,,,,,,STORET
CTVOLMON,CT DEEP Volunteer Water Monitoring Program (Volunteer),CTVOLMON-Bruce-3,Bruce 3,River/Stream,,01100006,,,,,41.1969900000,-73.1508500000,,,,Unknown,UNKWN,,,,,,,US,09,001,,,,,,,,,,STORET
CTVOLMON,CT DEEP Volunteer Water Monitoring Program (Volunteer),CTVOLMON-Bruce-4,Bruce 4,River/Stream,,01100006,,,,,41.2039700000,-73.1480300000,,,,Unknown,UNKWN,,,,,,,US,09,001,,,,,,,,,,STORET
CTVOLMON,CT DEEP Volunteer Water Monitoring Program (Volunteer),CTVOLMON-Bruce-5,Bruce 5,River/Stream,,01100006,,,,,41.2091500000,-73.1456500000,,,,Unknown,UNKWN,,,,,,,US,09,001,,,,,,,,,,STORET
CTVOLMON,CT DEEP Volunteer Water Monitoring Program (Volunteer),CTVOLMON-Bruce-6,Bruce 6,River/Stream,,01100006,,,,,41.2194900000,-73.1409100000,,,,Unknown,UNKWN,,,,,,,US,09,001,,,,,,,,,,STORET
CTVOLMON,CT DEEP Volunteer Water Monitoring Program (Volunteer),CTVOLMON-Bruce-7,Bruce 7,River/Stream,,01100006,,,,,41.2211800000,-73.1409100000,,,,Unknown,UNKWN,,,,,,,US,09,001,,,,,,,,,,STORET
CTVOLMON,CT DEEP Volunteer Water Monitoring Program (Volunteer),CTVOLMON-Bruce-8,Bruce 8,River/Stream,,01100006,,,,,41.2227800000,-73.1415700000,,,,Unknown,UNKWN,,,,,,,US,09,001,,,,,,,,,,STORET
CTVOLMON,CT DEEP Volunteer Water Monitoring Program (Volunteer),CTVOLMON-Cemetery-1,Cemetery 1,River/Stream,,01100005,,,,,41.2465440000,-73.1256200000,,,,Unknown,UNKWN,,,,,,,US,09,001,,,,,,,,,,STORET
CTVOLMON,CT DEEP Volunteer Water Monitoring Program (Volunteer),CTVOLMON-CT-1-1,"Lake Lillinonah, Fairfield County, CT, USA",Lake,,01100005,,,,,41.4771920000,-73.3455140000,,,,GPS-Unspecified,WGS84,,,,,,,US,09,001,,,,,,,,,,STORET
CTVOLMON,CT DEEP Volunteer Water Monitoring Program (Volunteer),CTVOLMON-CT-1-3,"Lake Lillinonah, Fairfield County, CT, USA",Lake,,01100005,,,,,41.4918660000,-73.3826470000,,,,GPS-Unspecified,WGS84,,,,,,,US,09,001,,,,,,,,,,STORET
CTVOLMON,CT DEEP Volunteer Water Monitoring Program (Volunteer),CTVOLMON-CT-1-38,"Lake Candlewood, Fairfield County, CT, USA",Lake,,01100005,,,,,41.5561500000,-73.4765400000,,,,GPS-Unspecified,NAD83,,,,,,,US,09,001,,,,,,,,,,STORET
CTVOLMON,CT DEEP Volunteer Water Monitoring Program (Volunteer),CTVOLMON-CT-1-39,"Lake Candlewood, Fairfield County, CT, USA",Lake,,01100005,,,,,41.4993400000,-73.4564800000,,,,GPS-Unspecified,NAD83,,,,,,,US,09,001,,,,,,,,,,STORET
CTVOLMON,CT DEEP Volunteer Water Monitoring Program (Volunteer),CTVOLMON-CT-1-46,"Lake Kenosia, Fairfield County, CT, USA",Lake,,01100005,,,,,41.3856800000,-73.5058680000,,,,GPS-Unspecified,NAD83,,,,,,,US,09,001,,,,,,,,,,STORET
CTVOLMON,CT DEEP Volunteer Water Monitoring Program (Volunteer),CTVOLMON-CT-1-47,"Lake Kenosia, Fairfield County, CT, USA",Lake,,01100005,,,,,41.3824860000,-73.4989600000,,,,GPS-Unspecified,NAD83,,,,,,,US,09,001,,,,,,,,,,STORET
CTVOLMON,CT DEEP Volunteer Water Monitoring Program (Volunteer),CTVOLMON-CT-1-50,"Lake Naraneka, Fairfield County, CT, USA",Lake,,02030101,,,,,41.3242850000,-73.5062490000,,,,GPS-Unspecified,WGS84,,,,,,,US,09,001,,,,,,,,,,STORET
CTVOLMON,CT DEEP Volunteer Water Monitoring Program (Volunteer),CTVOLMON-CT-1-55,"Lake Naraneka, Fairfield County, CT, USA",Lake,,02030101,,,,,41.3244910000,-73.5085800000,,,,GPS-Unspecified,WGS84,,,,,,,US,09,001,,,,,,,,,,STORET
CTVOLMON,CT DEEP Volunteer Water Monitoring Program (Volunteer),CTVOLMON-Deadman-2,Deadman 2,River/Stream,,01100006,,,,,41.1419900000,-73.3583400000,,,,Unknown,UNKWN,,,,,,,US,09,001,,,,,,,,,,STORET
CTVOLMON,CT DEEP Volunteer Water Monitoring Program (Volunteer),CTVOLMON-Deadman-3,Deadman 3,River/Stream,,01100006,,,,,41.1468200000,-73.3543400000,,,,Unknown,UNKWN,,,,,,,US,09,001,,,,,,,,,,STORET
CTVOLMON,CT DEEP Volunteer Water Monitoring Program (Volunteer),CTVOLMON-Deadman-3.5,Deadman 3.5,River/Stream,,01100006,,,,,41.1514100000,-73.3478200000,,,,Unknown,UNKWN,,,,,,,US,09,001,,,,,,,,,,STORET
CTVOLMON,CT DEEP Volunteer Water Monitoring Program (Volunteer),CTVOLMON-Deadman-4,Deadman 4,River/Stream,,01100006,,,,,41.1548700000,-73.3413000000,,,,Unknown,UNKWN,,,,,,,US,09,001,,,,,,,,,,STORET
CTVOLMON,CT DEEP Volunteer Water Monitoring Program (Volunteer),CTVOLMON-Deadman-5,Deadman 5,River/Stream,,01100006,,,,,41.1586900000,-73.3349800000,,,,Unknown,UNKWN,,,,,,,US,09,001,,,,,,,,,,STORET
CTVOLMON,CT DEEP Volunteer Water Monitoring Program (Volunteer),CTVOLMON-Deadman-7,Deadman 7,River/Stream,,01100006,,,,,41.1650200000,-73.3341900000,,,,Unknown,UNKWN,,,,,,,US,09,001,,,,,,,,,,STORET
CTVOLMON,CT DEEP Volunteer Water Monitoring Program (Volunteer),CTVOLMON-Deadman-8,Deadman 8,River/Stream,,01100006,,,,,41.1726700000,-73.3315200000,,,,Unknown,UNKWN,,,,,,,US,09,001,,,,,,,,,,STORET
CTVOLMON,CT DEEP Volunteer Water Monitoring Program (Volunteer),CTVOLMON-Deadman-9,Deadman 9,River/Stream,,01100006,,,,,41.1782600000,-73.3300600000,,,,Unknown,UNKWN,,,,,,,US,09,001,,,,,,,,,,STORET
CTVOLMON,CT DEEP Volunteer Water Monitoring Program (Volunteer),CTVOLMON-ES-01,East Swamp Brook,River/Stream,"64 Shelter Rock Rd, Across from Utility pole",01100005,,,,,41.3954600000,-73.4073400000,,,,Unknown,UNKWN,,,,,,,US,09,001,,,,,,,,,,STORET
CTVOLMON,CT DEEP Volunteer Water Monitoring Program (Volunteer),CTVOLMON-Farm-4,Farm 4,River/Stream,,01100006,,,,,41.0650600000,-73.4399400000,,,,Unknown,UNKWN,,,,,,,US,09,001,,,,,,,,,,STORET
CTVOLMON,CT DEEP Volunteer Water Monitoring Program (Volunteer),CTVOLMON-Farm-5,Farm 5,River/Stream,,01100006,,,,,41.0664600000,-73.4394600000,,,,Unknown,UNKWN,,,,,,,US,09,001,,,,,,,,,,STORET
CTVOLMON,CT DEEP Volunteer Water Monitoring Program (Volunteer),CTVOLMON-Farm-6,Farm 6,River/Stream,,01100006,,,,,41.0686600000,-73.4382000000,,,,Unknown,UNKWN,,,,,,,US,09,001,,,,,,,,,,STORET
CTVOLMON,CT DEEP Volunteer Water Monitoring Program (Volunteer),CTVOLMON-Farm-7,Farm 7,River/Stream,,01100006,,,,,41.0768700000,-73.4370600000,,,,Unknown,UNKWN,,,,,,,US,09,001,,,,,,,,,,STORET
CTVOLMON,CT DEEP Volunteer Water Monitoring Program (Volunteer),CTVOLMON-Farm-8,Farm 8,River/Stream,,01100006,,,,,41.0816300000,-73.4370400000,,,,Unknown,UNKWN,,,,,,,US,09,001,,,,,,,,,,STORET
CTVOLMON,CT DEEP Volunteer Water Monitoring Program (Volunteer),CTVOLMON-Farmill-1,Farmill 1,River/Stream,,01100005,,,,,41.2645700000,-73.1072600000,,,,Unknown,UNKWN,,,,,,,US,09,001,,,,,,,,,,STORET
CTVOLMON,CT DEEP Volunteer Water Monitoring Program (Volunteer),CTVOLMON-Farmill-2,Farmill 2,River/Stream,,01100005,,,,,41.2763300000,-73.1150200000,,,,Unknown,UNKWN,,,,,,,US,09,001,,,,,,,,,,STORET
CTVOLMON,CT DEEP Volunteer Water Monitoring Program (Volunteer),CTVOLMON-Farmill-3,Farmill 3,River/Stream,,01100005,,,,,41.2827400000,-73.1372100000,,,,Unknown,UNKWN,,,,,,,US,09,001,,,,,,,,,,STORET
CTVOLMON,CT DEEP Volunteer Water Monitoring Program (Volunteer),CTVOLMON-Farmill-4,Farmill 4,River/Stream,,01100005,,,,,41.2838400000,-73.1555100000,,,,Unknown,UNKWN,,,,,,,US,09,001,,,,,,,,,,STORET
CTVOLMON,CT DEEP Volunteer Water Monitoring Program (Volunteer),CTVOLMON-Farmill-5,Farmill 5,River/Stream,,01100005,,,,,41.2919100000,-73.1591100000,,,,Unknown,UNKWN,,,,,,,US,09,001,,,,,,,,,,STORET
CTVOLMON,CT DEEP Volunteer Water Monitoring Program (Volunteer),CTVOLMON-Farmill-6,Farmill 6,River/Stream,,01100005,,,,,41.2928800000,-73.1733000000,,,,Unknown,UNKWN,,,,,,,US,09,001,,,,,,,,,,STORET
CTVOLMON,CT DEEP Volunteer Water Monitoring Program (Volunteer),CTVOLMON-Farmill-7,Farmill 7,River/Stream,,01100005,,,,,41.3009500000,-73.1957900000,,,,Unknown,UNKWN,,,,,,,US,09,001,,,,,,,,,,STORET
CTVOLMON,CT DEEP Volunteer Water Monitoring Program (Volunteer),CTVOLMON-Farmill-8,Farmill 8,River/Stream,,01100005,,,,,41.3057500000,-73.2115800000,,,,Unknown,UNKWN,,,,,,,US,09,001,,,,,,,,,,STORET
CTVOLMON,CT DEEP Volunteer Water Monitoring Program (Volunteer),CTVOLMON-Fivemile-10,Fivemile 10,River/Stream,,01100006,,,,,41.1893200000,-73.5141400000,,,,Unknown,UNKWN,,,,,,,US,09,001,,,,,,,,,,STORET
CTVOLMON,CT DEEP Volunteer Water Monitoring Program (Volunteer),CTVOLMON-Fivemile-2,Fivemile 2,River/Stream,,01100006,,,,,41.0881900000,-73.4507100000,,,,Unknown,UNKWN,,,,,,,US,09,001,,,,,,,,,,STORET
CTVOLMON,CT DEEP Volunteer Water Monitoring Program (Volunteer),CTVOLMON-Fivemile-3,Fivemile 3,River/Stream,,01100006,,,,,41.1005800000,-73.4544100000,,,,Unknown,UNKWN,,,,,,,US,09,001,,,,,,,,,,STORET
CTVOLMON,CT DEEP Volunteer Water Monitoring Program (Volunteer),CTVOLMON-Fivemile-4,Fivemile 4,River/Stream,,01100006,,,,,41.1106900000,-73.4619600000,,,,Unknown,UNKWN,,,,,,,US,09,001,,,,,,,,,,STORET
CTVOLMON,CT DEEP Volunteer Water Monitoring Program (Volunteer),CTVOLMON-Fivemile-5,Fivemile 5,River/Stream,,01100006,,,,,41.1269000000,-73.4710200000,,,,Unknown,UNKWN,,,,,,,US,09,001,,,,,,,,,,STORET
CTVOLMON,CT DEEP Volunteer Water Monitoring Program (Volunteer),CTVOLMON-Fivemile-6,Fivemile 6,River/Stream,,01100006,,,,,41.1366200000,-73.4791700000,,,,Unknown,UNKWN,,,,,,,US,09,001,,,,,,,,,,STORET
CTVOLMON,CT DEEP Volunteer Water Monitoring Program (Volunteer),CTVOLMON-Fivemile-7,Fivemile 7,River/Stream,,01100006,,,,,41.1478300000,-73.4835300000,,,,Unknown,UNKWN,,,,,,,US,09,001,,,,,,,,,,STORET
CTVOLMON,CT DEEP Volunteer Water Monitoring Program (Volunteer),CTVOLMON-Fivemile-8,Fivemile 8,River/Stream,,01100006,,,,,41.1555800000,-73.4934500000,,,,Unknown,UNKWN,,,,,,,US,09,001,,,,,,,,,,STORET
CTVOLMON,CT DEEP Volunteer Water Monitoring Program (Volunteer),CTVOLMON-Fivemile-9,Fivemile 9,River/Stream,,01100006,,,,,41.1681100000,-73.5049300000,,,,Unknown,UNKWN,,,,,,,US,09,001,,,,,,,,,,STORET
CTVOLMON,CT DEEP Volunteer Water Monitoring Program (Volunteer),CTVOLMON-Great-1,Great 1,River/Stream,,01100006,,,,,41.1604740000,-73.3017090000,,,,Unknown,UNKWN,,,,,,,US,09,001,,,,,,,,,,STORET
CTVOLMON,CT DEEP Volunteer Water Monitoring Program (Volunteer),CTVOLMON-Great-2,Great 2,River/Stream,,01100006,,,,,41.1694020000,-73.3013490000,,,,Unknown,UNKWN,,,,,,,US,09,001,,,,,,,,,,STORET
CTVOLMON,CT DEEP Volunteer Water Monitoring Program (Volunteer),CTVOLMON-Great-3,Great 3,River/Stream,,01100006,,,,,41.1782740000,-73.3004640000,,,,Unknown,UNKWN,,,,,,,US,09,001,,,,,,,,,,STORET
CTVOLMON,CT DEEP Volunteer Water Monitoring Program (Volunteer),CTVOLMON-Great-4,Great 4,River/Stream,,01100006,,,,,41.1861110000,-73.2959420000,,,,Unknown,UNKWN,,,,,,,US,09,001,,,,,,,,,,STORET
CTVOLMON,CT DEEP Volunteer Water Monitoring Program (Volunteer),CTVOLMON-Horseneck-1,Horseneck 1,River/Stream,,01100006,,,,,41.0204330000,-73.6324800000,,,,Unknown,UNKWN,,,,,,,US,09,001,,,,,,,,,,STORET
CTVOLMON,CT DEEP Volunteer Water Monitoring Program (Volunteer),CTVOLMON-Horseneck-10,Horseneck 10,River/Stream,,01100006,,,,,41.1141900000,-73.6328300000,,,,Unknown,UNKWN,,,,,,,US,09,001,,,,,,,,,,STORET
CTVOLMON,CT DEEP Volunteer Water Monitoring Program (Volunteer),CTVOLMON-Horseneck-2,Horseneck 2,River/Stream,,01100006,,,,,41.0268700000,-73.6331900000,,,,Unknown,UNKWN,,,,,,,US,09,001,,,,,,,,,,STORET
CTVOLMON,CT DEEP Volunteer Water Monitoring Program (Volunteer),CTVOLMON-Horseneck-3,Horseneck 3,River/Stream,,01100006,,,,,41.0285300000,-73.6347200000,,,,Unknown,UNKWN,,,,,,,US,09,001,,,,,,,,,,STORET
CTVOLMON,CT DEEP Volunteer Water Monitoring Program (Volunteer),CTVOLMON-Horseneck-4,Horseneck 4,River/Stream,,01100006,,,,,41.0304600000,-73.6397400000,,,,Unknown,UNKWN,,,,,,,US,09,001,,,,,,,,,,STORET
CTVOLMON,CT DEEP Volunteer Water Monitoring Program (Volunteer),CTVOLMON-Horseneck-5,Horseneck 5,River/Stream,,01100006,,,,,41.0412100000,-73.6417100000,,,,Unknown,UNKWN,,,,,,,US,09,001,,,,,,,,,,STORET
CTVOLMON,CT DEEP Volunteer Water Monitoring Program (Volunteer),CTVOLMON-Horseneck-6,Horseneck 6,River/Stream,,01100006,,,,,41.0469600000,-73.6419500000,,,,Unknown,UNKWN,,,,,,,US,09,001,,,,,,,,,,STORET
CTVOLMON,CT DEEP Volunteer Water Monitoring Program (Volunteer),CTVOLMON-Horseneck-7,Horseneck 7,River/Stream,,01100006,,,,,41.0523200000,-73.6417000000,,,,Unknown,UNKWN,,,,,,,US,09,001,,,,,,,,,,STORET
CTVOLMON,CT DEEP Volunteer Water Monitoring Program (Volunteer),CTVOLMON-Horseneck-8,Horseneck 8,River/Stream,,01100006,,,,,41.0706800000,-73.6398400000,,,,Unknown,UNKWN,,,,,,,US,09,001,,,,,,,,,,STORET
CTVOLMON,CT DEEP Volunteer Water Monitoring Program (Volunteer),CTVOLMON-Horse-Tavern-1,Horse Tavern 1,River/Stream,,01100006,,,,,41.1958540000,-73.2319900000,,,,Unknown,UNKWN,,,,,,,US,09,001,,,,,,,,,,STORET
CTVOLMON,CT DEEP Volunteer Water Monitoring Program (Volunteer),CTVOLMON-Horse-Tavern-2,Horse Tavern 2,River/Stream,,01100006,,,,,41.2031600000,-73.2294000000,,,,Unknown,UNKWN,,,,,,,US,09,001,,,,,,,,,,STORET
CTVOLMON,CT DEEP Volunteer Water Monitoring Program (Volunteer),CTVOLMON-Horse-Tavern-3,Horse Tavern 3,River/Stream,,01100006,,,,,41.2124300000,-73.2238200000,,,,Unknown,UNKWN,,,,,,,US,09,001,,,,,,,,,,STORET
CTVOLMON,CT DEEP Volunteer Water Monitoring Program (Volunteer),CTVOLMON-Horse-Tavern-4,Horse Tavern 4,River/Stream,,01100006,,,,,41.2357170000,-73.2281100000,,,,Unknown,UNKWN,,,,,,,US,09,001,,,,,,,,,,STORET
CTVOLMON,CT DEEP Volunteer Water Monitoring Program (Volunteer),CTVOLMON-Horse-Tavern-5,Horse Tavern 5,River/Stream,,01100006,,,,,41.2443830000,-73.2320500000,,,,Unknown,UNKWN,,,,,,,US,09,001,,,,,,,,,,STORET
CTVOLMON,CT DEEP Volunteer Water Monitoring Program (Volunteer),CTVOLMON-Hunt-Club-1,Hunt Club 1,River/Stream,,01100006,,,,,41.1458700000,-73.3035700000,,,,Unknown,UNKWN,,,,,,,US,09,001,,,,,,,,,,STORET
CTVOLMON,CT DEEP Volunteer Water Monitoring Program (Volunteer),CTVOLMON-Hunt-Club-2,Hunt Club 2,River/Stream,,01100006,,,,,41.1478600000,-73.3073600000,,,,Unknown,UNKWN,,,,,,,US,09,001,,,,,,,,,,STORET
CTVOLMON,CT DEEP Volunteer Water Monitoring Program (Volunteer),CTVOLMON-Indian-1,Indian 1,River/Stream,,01100006,,,,,41.1164290000,-73.3758530000,,,,Unknown,UNKWN,,,,,,,US,09,001,,,,,,,,,,STORET
CTVOLMON,CT DEEP Volunteer Water Monitoring Program (Volunteer),CTVOLMON-Indian-1.5,Indian 1.5,River/Stream,,01100006,,,,,41.1163460000,-73.3786620000,,,,Unknown,UNKWN,,,,,,,US,09,001,,,,,,,,,,STORET
CTVOLMON,CT DEEP Volunteer Water Monitoring Program (Volunteer),CTVOLMON-Indian-2,Indian 2,River/Stream,,01100006,,,,,41.1183650000,-73.3790280000,,,,Unknown,UNKWN,,,,,,,US,09,001,,,,,,,,,,STORET
CTVOLMON,CT DEEP Volunteer Water Monitoring Program (Volunteer),CTVOLMON-Indian-3,Indian 3,River/Stream,,01100006,,,,,41.1211650000,-73.3799760000,,,,Unknown,UNKWN,,,,,,,US,09,001,,,,,,,,,,STORET
CTVOLMON,CT DEEP Volunteer Water Monitoring Program (Volunteer),CTVOLMON-Indian-3.5,Indian 3.5,River/Stream,,01100006,,,,,41.1255900000,-73.3834300000,,,,Unknown,UNKWN,,,,,,,US,09,001,,,,,,,,,,STORET
CTVOLMON,CT DEEP Volunteer Water Monitoring Program (Volunteer),CTVOLMON-Island-1,Island 1,River/Stream,,01100006,,,,,41.2078400000,-73.1961300000,,,,Unknown,UNKWN,,,,,,,US,09,001,,,,,,,,,,STORET
CTVOLMON,CT DEEP Volunteer Water Monitoring Program (Volunteer),CTVOLMON-Island-2,Island 2,River/Stream,,01100006,,,,,41.2120600000,-73.1995400000,,,,Unknown,UNKWN,,,,,,,US,09,001,,,,,,,,,,STORET
CTVOLMON,CT DEEP Volunteer Water Monitoring Program (Volunteer),CTVOLMON-Island-3,Island 3,River/Stream,,01100006,,,,,41.2171800000,-73.2075700000,,,,Unknown,UNKWN,,,,,,,US,09,001,,,,,,,,,,STORET
CTVOLMON,CT DEEP Volunteer Water Monitoring Program (Volunteer),CTVOLMON-Island-4,Island 4,River/Stream,,01100006,,,,,41.2254000000,-73.2057400000,,,,Unknown,UNKWN,,,,,,,US,09,001,,,,,,,,,,STORET
CTVOLMON,CT DEEP Volunteer Water Monitoring Program (Volunteer),CTVOLMON-Island-5,Island 5,River/Stream,,01100006,,,,,41.2349000000,-73.2172300000,,,,Unknown,UNKWN,,,,,,,US,09,001,,,,,,,,,,STORET
CTVOLMON,CT DEEP Volunteer Water Monitoring Program (Volunteer),CTVOLMON-KB-01,Kohanza Brook,River/Stream,"21 North St, Behind Milenio Barber Shop",01100005,,,,,41.4037600000,-73.4569700000,,,,Unknown,UNKWN,,,,,,,US,09,001,,,,,,,,,,STORET
CTVOLMON,CT DEEP Volunteer Water Monitoring Program (Volunteer),CTVOLMON-Keelers-1,Keelers 1,River/Stream,,01100006,,,,,41.0856200000,-73.4430500000,,,,Unknown,UNKWN,,,,,,,US,09,001,,,,,,,,,,STORET
CTVOLMON,CT DEEP Volunteer Water Monitoring Program (Volunteer),CTVOLMON-Keelers-2,Keelers 2,River/Stream,,01100006,,,,,41.0908100000,-73.4410500000,,,,Unknown,UNKWN,,,,,,,US,09,001,,,,,,,,,,STORET
CTVOLMON,CT DEEP Volunteer Water Monitoring Program (Volunteer),CTVOLMON-Keelers-3,Keelers 3,River/Stream,,01100006,,,,,41.0989500000,-73.4423500000,,,,Unknown,UNKWN,,,,,,,US,09,001,,,,,,,,,,STORET
CTVOLMON,CT DEEP Volunteer Water Monitoring Program (Volunteer),CTVOLMON-Keelers-4,Keelers 4,River/Stream,,01100006,,,,,41.1031600000,-73.4415300000,,,,Unknown,UNKWN,,,,,,,US,09,001,,,,,,,,,,STORET
CTVOLMON,CT DEEP Volunteer Water Monitoring Program (Volunteer),CTVOLMON-Keelers-5,Keelers 5,River/Stream,,01100006,,,,,41.1050100000,-73.4413900000,,,,Unknown,UNKWN,,,,,,,US,09,001,,,,,,,,,,STORET
CTVOLMON,CT DEEP Volunteer Water Monitoring Program (Volunteer),CTVOLMON-LB-01,Limekiln Brook,River/Stream,"79 Newtown Rd, Across from Boat Launch Parking",01100005,,,,,41.4110900000,-73.4142600000,,,,Unknown,UNKWN,,,,,,,US,09,001,,,,,,,,,,STORET
CTVOLMON,CT DEEP Volunteer Water Monitoring Program (Volunteer),CTVOLMON-LB-02,Limekiln Brook,River/Stream,"64 Shelter Rock Rd, Upstream of culvert",01100005,,,,,41.3953600000,-73.4061200000,,,,Unknown,UNKWN,,,,,,,US,09,001,,,,,,,,,,STORET
CTVOLMON,CT DEEP Volunteer Water Monitoring Program (Volunteer),CTVOLMON-Londons-1,Londons 1,River/Stream,,01100006,,,,,41.1953760000,-73.2354000000,,,,Unknown,UNKWN,,,,,,,US,09,001,,,,,,,,,,STORET
CTVOLMON,CT DEEP Volunteer Water Monitoring Program (Volunteer),CTVOLMON-MB-01,Miry Brook,River/Stream,Across from Danbury Dog Park Entrance,01100005,,,,,41.3685900000,-73.4936900000,,,,Unknown,UNKWN,,,,,,,US,09,001,,,,,,,,,,STORET
CTVOLMON,CT DEEP Volunteer Water Monitoring Program (Volunteer),CTVOLMON-Muddy-1,Muddy 1,River/Stream,,01100006,,,,,41.1273500000,-73.3295800000,,,,Unknown,UNKWN,,,,,,,US,09,001,,,,,,,,,,STORET
CTVOLMON,CT DEEP Volunteer Water Monitoring Program (Volunteer),CTVOLMON-Muddy-2,Muddy 2,River/Stream,,01100006,,,,,41.1329260000,-73.3285860000,,,,Unknown,UNKWN,,,,,,,US,09,001,,,,,,,,,,STORET
CTVOLMON,CT DEEP Volunteer Water Monitoring Program (Volunteer),CTVOLMON-Muddy-3,Muddy 3,River/Stream,,01100006,,,,,41.1385730000,-73.3254600000,,,,Unknown,UNKWN,,,,,,,US,09,001,,,,,,,,,,STORET
CTVOLMON,CT DEEP Volunteer Water Monitoring Program (Volunteer),CTVOLMON-Muddy-4,Muddy 4,River/Stream,,01100006,,,,,41.1410680000,-73.3217220000,,,,Unknown,UNKWN,,,,,,,US,09,001,,,,,,,,,,STORET
CTVOLMON,CT DEEP Volunteer Water Monitoring Program (Volunteer),CTVOLMON-Muddy-5,Muddy 5,River/Stream,,01100006,,,,,41.1468550000,-73.3180870000,,,,Unknown,UNKWN,,,,,,,US,09,001,,,,,,,,,,STORET
CTVOLMON,CT DEEP Volunteer Water Monitoring Program (Volunteer),CTVOLMON-Muddy-6,Muddy 6,River/Stream,,01100006,,,,,41.1644400000,-73.3252140000,,,,Unknown,UNKWN,,,,,,,US,09,001,,,,,,,,,,STORET
CTVOLMON,CT DEEP Volunteer Water Monitoring Program (Volunteer),CTVOLMON-New-2,New 2,Estuary,,01100006,,,,,41.1233440000,-73.3137940000,,,,Unknown,UNKWN,,,,,,,US,09,001,,,,,,,,,,STORET
CTVOLMON,CT DEEP Volunteer Water Monitoring Program (Volunteer),CTVOLMON-New-3,New 3,Estuary,,01100006,,,,,41.1306410000,-73.3128200000,,,,Unknown,UNKWN,,,,,,,US,09,001,,,,,,,,,,STORET
CTVOLMON,CT DEEP Volunteer Water Monitoring Program (Volunteer),CTVOLMON-Noroton-1,Noroton 1,River/Stream,,01100006,,,,,41.0618600000,-73.5081400000,,,,Unknown,UNKWN,,,,,,,US,09,001,,,,,,,,,,STORET
CTVOLMON,CT DEEP Volunteer Water Monitoring Program (Volunteer),CTVOLMON-Noroton-1.75,Noroton 1.75,River/Stream,,01100006,,,,,41.0721780000,-73.5109910000,,,,Unknown,UNKWN,,,,,,,US,09,001,,,,,,,,,,STORET
CTVOLMON,CT DEEP Volunteer Water Monitoring Program (Volunteer),CTVOLMON-Noroton-2,Noroton 2,River/Stream,,01100006,,,,,41.0753000000,-73.5155000000,,,,Unknown,UNKWN,,,,,,,US,09,001,,,,,,,,,,STORET
CTVOLMON,CT DEEP Volunteer Water Monitoring Program (Volunteer),CTVOLMON-Noroton-3,Noroton 3,River/Stream,,01100006,,,,,41.0952990000,-73.5144250000,,,,Unknown,UNKWN,,,,,,,US,09,001,,,,,,,,,,STORET
CTVOLMON,CT DEEP Volunteer Water Monitoring Program (Volunteer),CTVOLMON-Noroton-4,Noroton 4,River/Stream,,01100006,,,,,41.1029000000,-73.5098200000,,,,Unknown,UNKWN,,,,,,,US,09,001,,,,,,,,,,STORET
CTVOLMON,CT DEEP Volunteer Water Monitoring Program (Volunteer),CTVOLMON-Noroton-5,Noroton 5,River/Stream,,01100006,,,,,41.1186800000,-73.5013000000,,,,Unknown,UNKWN,,,,,,,US,09,001,,,,,,,,,,STORET
CTVOLMON,CT DEEP Volunteer Water Monitoring Program (Volunteer),CTVOLMON-Noroton-7,Noroton 7,River/Stream,,01100006,,,,,41.1410800000,-73.5116700000,,,,Unknown,UNKWN,,,,,,,US,09,001,,,,,,,,,,STORET
CTVOLMON,CT DEEP Volunteer Water Monitoring Program (Volunteer),CTVOLMON-Noroton-8,Noroton 8,River/Stream,,01100006,,,,,41.1592500000,-73.5142100000,,,,Unknown,UNKWN,,,,,,,US,09,001,,,,,,,,,,STORET
CTVOLMON,CT DEEP Volunteer Water Monitoring Program (Volunteer),CTVOLMON-Norwalk-0.5,Norwalk 0.5,River/Stream,,01100006,,,,,41.1189300000,-73.4138100000,,,,Unknown,UNKWN,,,,,,,US,09,001,,,,,,,,,,STORET
CTVOLMON,CT DEEP Volunteer Water Monitoring Program (Volunteer),CTVOLMON-Norwalk-1,Norwalk 1,River/Stream,,01100006,,,,,41.1194700000,-73.4170100000,,,,Unknown,UNKWN,,,,,,,US,09,001,,,,,,,,,,STORET
CTVOLMON,CT DEEP Volunteer Water Monitoring Program (Volunteer),CTVOLMON-Norwalk-13,Norwalk 13,River/Stream,,01100006,,,,,41.2655000000,-73.4407900000,,,,Unknown,UNKWN,,,,,,,US,09,001,,,,,,,,,,STORET
CTVOLMON,CT DEEP Volunteer Water Monitoring Program (Volunteer),CTVOLMON-Norwalk-15,Norwalk 15,River/Stream,,01100006,,,,,41.3086990000,-73.4688400000,,,,Unknown,UNKWN,,,,,,,US,09,001,,,,,,,,,,STORET
CTVOLMON,CT DEEP Volunteer Water Monitoring Program (Volunteer),CTVOLMON-Norwalk-19,Norwalk 19,River/Stream,,01100006,,,,,41.3167200000,-73.4900140000,,,,Unknown,UNKWN,,,,,,,US,09,001,,,,,,,,,,STORET
CTVOLMON,CT DEEP Volunteer Water Monitoring Program (Volunteer),CTVOLMON-Norwalk-2,Norwalk 2,River/Stream,,01100006,,,,,41.1263200000,-73.4291600000,,,,Unknown,UNKWN,,,,,,,US,09,001,,,,,,,,,,STORET
CTVOLMON,CT DEEP Volunteer Water Monitoring Program (Volunteer),CTVOLMON-Norwalk-21,Norwalk 21,River/Stream,,01100006,,,,,41.2944400000,-73.4884300000,,,,Unknown,UNKWN,,,,,,,US,09,001,,,,,,,,,,STORET
CTVOLMON,CT DEEP Volunteer Water Monitoring Program (Volunteer),CTVOLMON-Norwalk-23,Norwalk 23,River/Stream,,01100006,,,,,41.2900500000,-73.4934900000,,,,Unknown,UNKWN,,,,,,,US,09,001,,,,,,,,,,STORET
CTVOLMON,CT DEEP Volunteer Water Monitoring Program (Volunteer),CTVOLMON-Norwalk-4,Norwalk 4,River/Stream,,01100006,,,,,41.1434900000,-73.4266900000,,,,Unknown,UNKWN,,,,,,,US,09,001,,,,,,,,,,STORET
CTVOLMON,CT DEEP Volunteer Water Monitoring Program (Volunteer),CTVOLMON-Norwalk-6,Norwalk 6,River/Stream,,01100006,,,,,41.1834100000,-73.4227600000,,,,Unknown,UNKWN,,,,,,,US,09,001,,,,,,,,,,STORET
CTVOLMON,CT DEEP Volunteer Water Monitoring Program (Volunteer),CTVOLMON-Norwalk-9,Norwalk 9,River/Stream,,01100006,,,,,41.2035400000,-73.4309400000,,,,Unknown,UNKWN,,,,,,,US,09,001,,,,,,,,,,STORET
CTVOLMON,CT DEEP Volunteer Water Monitoring Program (Volunteer),CTVOLMON-Norwalk-9.5,Norwalk 9.5,River/Stream,,01100006,,,,,41.2459000000,-73.4340900000,,,,Unknown,UNKWN,,,,,,,US,09,001,,,,,,,,,,STORET
CTVOLMON,CT DEEP Volunteer Water Monitoring Program (Volunteer),CTVOLMON-PB-01,Padanaram Brook,River/Stream,"Brookview Commons, 30 Crosby St",01100005,,,,,41.3984100000,-73.4540600000,,,,Unknown,UNKWN,,,,,,,US,09,001,,,,,,,,,,STORET
CTVOLMON,CT DEEP Volunteer Water Monitoring Program (Volunteer),CTVOLMON-Pequonnock-1,Pequonnock 1,River/Stream,,01100006,,,,,41.2046000000,-73.1876500000,,,,Unknown,UNKWN,,,,,,,US,09,001,,,,,,,,,,STORET
CTVOLMON,CT DEEP Volunteer Water Monitoring Program (Volunteer),CTVOLMON-Pumpkin-1,Pumpkin 1,River/Stream,,01100005,,,,,41.2253700000,-73.1142700000,,,,Unknown,UNKWN,,,,,,,US,09,001,,,,,,,,,,STORET
CTVOLMON,CT DEEP Volunteer Water Monitoring Program (Volunteer),CTVOLMON-Pumpkin-2,Pumpkin 2,River/Stream,,01100005,,,,,41.2257600000,-73.1230900000,,,,Unknown,UNKWN,,,,,,,US,09,001,,,,,,,,,,STORET
CTVOLMON,CT DEEP Volunteer Water Monitoring Program (Volunteer),CTVOLMON-Pumpkin-3,Pumpkin 3,River/Stream,,01100005,,,,,41.2347400000,-73.1250500000,,,,Unknown,UNKWN,,,,,,,US,09,001,,,,,,,,,,STORET
CTVOLMON,CT DEEP Volunteer Water Monitoring Program (Volunteer),CTVOLMON-Pumpkin-4,Pumpkin 4,River/Stream,,01100005,,,,,41.2409300000,-73.1293200000,,,,Unknown,UNKWN,,,,,,,US,09,001,,,,,,,,,,STORET
CTVOLMON,CT DEEP Volunteer Water Monitoring Program (Volunteer),CTVOLMON-Pumpkin-5,Pumpkin 5,River/Stream,,01100005,,,,,41.2486800000,-73.1385900000,,,,Unknown,UNKWN,,,,,,,US,09,001,,,,,,,,,,STORET
CTVOLMON,CT DEEP Volunteer Water Monitoring Program (Volunteer),CTVOLMON-Pumpkin-6,Pumpkin 6,River/Stream,,01100005,,,,,41.2631900000,-73.1397600000,,,,Unknown,UNKWN,,,,,,,US,09,001,,,,,,,,,,STORET
CTVOLMON,CT DEEP Volunteer Water Monitoring Program (Volunteer),CTVOLMON-Rippowam-10,Rippowam 10,River/Stream,,01100006,,,,,41.1615300000,-73.5384300000,,,,Unknown,UNKWN,,,,,,,US,09,001,,,,,,,,,,STORET
CTVOLMON,CT DEEP Volunteer Water Monitoring Program (Volunteer),CTVOLMON-Rippowam-11,Rippowam 11,River/Stream,,01100006,,,,,41.1723400000,-73.5312600000,,,,Unknown,UNKWN,,,,,,,US,09,001,,,,,,,,,,STORET
CTVOLMON,CT DEEP Volunteer Water Monitoring Program (Volunteer),CTVOLMON-Rippowam-11.5,Rippowam 11.5,River/Stream,,01100006,,,,,41.1756100000,-73.5291900000,,,,Unknown,UNKWN,,,,,,,US,09,001,,,,,,,,,,STORET
CTVOLMON,CT DEEP Volunteer Water Monitoring Program (Volunteer),CTVOLMON-Rippowam-12,Rippowam 12,River/Stream,,01100006,,,,,41.1852400000,-73.5299900000,,,,Unknown,UNKWN,,,,,,,US,09,001,,,,,,,,,,STORET
CTVOLMON,CT DEEP Volunteer Water Monitoring Program (Volunteer),CTVOLMON-Rippowam-2,Rippowam 2,River/Stream,,01100006,,,,,41.0590400000,-73.5466400000,,,,Unknown,UNKWN,,,,,,,US,09,001,,,,,,,,,,STORET
CTVOLMON,CT DEEP Volunteer Water Monitoring Program (Volunteer),CTVOLMON-Rippowam-3,Rippowam 3,River/Stream,,01100006,,,,,41.0659300000,-73.5491200000,,,,Unknown,UNKWN,,,,,,,US,09,001,,,,,,,,,,STORET
CTVOLMON,CT DEEP Volunteer Water Monitoring Program (Volunteer),CTVOLMON-Rippowam-4,Rippowam 4,River/Stream,,01100006,,,,,41.0661700000,-73.5576300000,,,,Unknown,UNKWN,,,,,,,US,09,001,,,,,,,,,,STORET
CTVOLMON,CT DEEP Volunteer Water Monitoring Program (Volunteer),CTVOLMON-Rippowam-5,Rippowam 5,River/Stream,,01100006,,,,,41.0855900000,-73.5566400000,,,,Unknown,UNKWN,,,,,,,US,09,001,,,,,,,,,,STORET
CTVOLMON,CT DEEP Volunteer Water Monitoring Program (Volunteer),CTVOLMON-Rippowam-7,Rippowam 7,River/Stream,,01100006,,,,,41.1055900000,-73.5586000000,,,,Unknown,UNKWN,,,,,,,US,09,001,,,,,,,,,,STORET
CTVOLMON,CT DEEP Volunteer Water Monitoring Program (Volunteer),CTVOLMON-Rippowam-9,Rippowam 9,River/Stream,,01100006,,,,,41.1502300000,-73.5341200000,,,,Unknown,UNKWN,,,,,,,US,09,001,,,,,,,,,,STORET
CTVOLMON,CT DEEP Volunteer Water Monitoring Program (Volunteer),CTVOLMON-Rooster-2.5,Rooster 2.5,River/Stream,,01100006,,,,,41.1764820000,-73.2230400000,,,,Unknown,UNKWN,,,,,,,US,09,001,,,,,,,,,,STORET
CTVOLMON,CT DEEP Volunteer Water Monitoring Program (Volunteer),CTVOLMON-Rooster-3.5,Rooster 3.5,River/Stream,,01100006,,,,,41.1828280000,-73.2177100000,,,,Unknown,UNKWN,,,,,,,US,09,001,,,,,,,,,,STORET
CTVOLMON,CT DEEP Volunteer Water Monitoring Program (Volunteer),CTVOLMON-Rooster-4.5,Rooster 4.5,River/Stream,,01100006,,,,,41.1880700000,-73.2187200000,,,,Unknown,UNKWN,,,,,,,US,09,001,,,,,,,,,,STORET
CTVOLMON,CT DEEP Volunteer Water Monitoring Program (Volunteer),CTVOLMON-Rooster-4.6,Rooster 4.6,River/Stream,,01100006,,,,,41.1885750000,-73.2206400000,,,,Unknown,UNKWN,,,,,,,US,09,001,,,,,,,,,,STORET
CTVOLMON,CT DEEP Volunteer Water Monitoring Program (Volunteer),CTVOLMON-Rooster-4.7,Rooster 4.7,River/Stream,,01100006,,,,,41.1926040000,-73.2285000000,,,,Unknown,UNKWN,,,,,,,US,09,001,,,,,,,,,,STORET
CTVOLMON,CT DEEP Volunteer Water Monitoring Program (Volunteer),CTVOLMON-Sasco-6,Sasco 6,River/Stream,,01100006,,,,,41.1455600000,-73.3011100000,,,,Unknown,UNKWN,,,,,,,US,09,001,,,,,,,,,,STORET
CTVOLMON,CT DEEP Volunteer Water Monitoring Program (Volunteer),CTVOLMON-Sasco-7,Sasco 7,River/Stream,,01100006,,,,,41.1457300000,-73.3031400000,,,,Unknown,UNKWN,,,,,,,US,09,001,,,,,,,,,,STORET
CTVOLMON,CT DEEP Volunteer Water Monitoring Program (Volunteer),CTVOLMON-Sasco-9,Sasco 9,River/Stream,,01100006,,,,,41.1528000000,-73.3060500000,,,,Unknown,UNKWN,,,,,,,US,09,001,,,,,,,,,,STORET
CTVOLMON,CT DEEP Volunteer Water Monitoring Program (Volunteer),CTVOLMON-Saugatuck-1,Saugatuck 1,River/Stream,,01100006,,,,,41.1674800000,-73.3664700000,,,,Unknown,UNKWN,,,,,,,US,09,001,,,,,,,,,,STORET
CTVOLMON,CT DEEP Volunteer Water Monitoring Program (Volunteer),CTVOLMON-SB-01,Sympaug Brook,River/Stream,"48 Shelter Rock Rd, Behind Charter Oak Brewing",01100005,,,,,41.3912700000,-73.4277600000,,,,Unknown,UNKWN,,,,,,,US,09,001,,,,,,,,,,STORET
CTVOLMON,CT DEEP Volunteer Water Monitoring Program (Volunteer),CTVOLMON-Silvermine-1,Silvermine 1,River/Stream,,01100006,,,,,41.1359730000,-73.4345460000,,,,Unknown,UNKWN,,,,,,,US,09,001,,,,,,,,,,STORET
CTVOLMON,CT DEEP Volunteer Water Monitoring Program (Volunteer),CTVOLMON-Silvermine-10,Silvermine 10,River/Stream,,01100006,,,,,41.1987100000,-73.4924080000,,,,Unknown,UNKWN,,,,,,,US,09,001,,,,,,,,,,STORET
CTVOLMON,CT DEEP Volunteer Water Monitoring Program (Volunteer),CTVOLMON-Silvermine-2,Silvermine 2,River/Stream,,01100006,,,,,41.1472600000,-73.4429300000,,,,Unknown,UNKWN,,,,,,,US,09,001,,,,,,,,,,STORET
CTVOLMON,CT DEEP Volunteer Water Monitoring Program (Volunteer),CTVOLMON-Silvermine-3,Silvermine 3,River/Stream,,01100006,,,,,41.1512600000,-73.4453900000,,,,Unknown,UNKWN,,,,,,,US,09,001,,,,,,,,,,STORET
CTVOLMON,CT DEEP Volunteer Water Monitoring Program (Volunteer),CTVOLMON-Silvermine-4,Silvermine 4,River/Stream,,01100006,,,,,41.1597100000,-73.4527700000,,,,Unknown,UNKWN,,,,,,,US,09,001,,,,,,,,,,STORET
CTVOLMON,CT DEEP Volunteer Water Monitoring Program (Volunteer),CTVOLMON-Silvermine-5,Silvermine 5,River/Stream,,01100006,,,,,41.1610700000,-73.4626500000,,,,Unknown,UNKWN,,,,,,,US,09,001,,,,,,,,,,STORET
CTVOLMON,CT DEEP Volunteer Water Monitoring Program (Volunteer),CTVOLMON-Silvermine-6,Silvermine 6,River/Stream,,01100006,,,,,41.1712100000,-73.4712800000,,,,Unknown,UNKWN,,,,,,,US,09,001,,,,,,,,,,STORET
CTVOLMON,CT DEEP Volunteer Water Monitoring Program (Volunteer),CTVOLMON-Silvermine-7,Silvermine 7,River/Stream,,01100006,,,,,41.1737100000,-73.4779900000,,,,Unknown,UNKWN,,,,,,,US,09,001,,,,,,,,,,STORET
CTVOLMON,CT DEEP Volunteer Water Monitoring Program (Volunteer),CTVOLMON-Silvermine-8,Silvermine 8,River/Stream,,01100006,,,,,41.1779140000,-73.4817350000,,,,Unknown,UNKWN,,,,,,,US,09,001,,,,,,,,,,STORET
CTVOLMON,CT DEEP Volunteer Water Monitoring Program (Volunteer),CTVOLMON-Silvermine-9,Silvermine 9,River/Stream,,01100006,,,,,41.1867900000,-73.4874900000,,,,Unknown,UNKWN,,,,,,,US,09,001,,,,,,,,,,STORET
CTVOLMON,CT DEEP Volunteer Water Monitoring Program (Volunteer),CTVOLMON-SR-02,Still River,River/Stream,"Downstream of USGS Site ID 01201487, Brookfield Still River Greenway, Silvermine Rd",01100005,,,,,41.4677700000,-73.4032500000,,,,Unknown,UNKWN,,,,,,,US,09,001,,,,,,,,,,STORET
CTVOLMON,CT DEEP Volunteer Water Monitoring Program (Volunteer),CTVOLMON-SR-03,Still River,River/Stream,Grays Bridge Rd and Sand Cut Rd,01100005,,,,,41.4396600000,-73.3987900000,,,,Unknown,UNKWN,,,,,,,US,09,001,,,,,,,,,,STORET
CTVOLMON,CT DEEP Volunteer Water Monitoring Program (Volunteer),CTVOLMON-SR-04,Still River,River/Stream,Under Route 7 North overpass,01100005,,,,,41.3821280000,-73.4749500000,,,,Unknown,UNKWN,,,,,,,US,09,001,,,,,,,,,,STORET
CTVOLMON,CT DEEP Volunteer Water Monitoring Program (Volunteer),CTVOLMON-SR-05,Still River,River/Stream,"11 Kenosia Ave, Outlet of Lake Kenosia",01100005,,,,,41.3827600000,-73.4974100000,,,,Unknown,UNKWN,,,,,,,US,09,001,,,,,,,,,,STORET
CTVOLMON,CT DEEP Volunteer Water Monitoring Program (Volunteer),CTVOLMON-Stony-1,Stony 1,River/Stream,,01100006,,,,,41.1322300000,-73.3683800000,,,,Unknown,UNKWN,,,,,,,US,09,001,,,,,,,,,,STORET
CTVOLMON,CT DEEP Volunteer Water Monitoring Program (Volunteer),CTVOLMON-Stony-2,Stony 2,River/Stream,,01100006,,,,,41.1365300000,-73.3699300000,,,,Unknown,UNKWN,,,,,,,US,09,001,,,,,,,,,,STORET
CTVOLMON,CT DEEP Volunteer Water Monitoring Program (Volunteer),CTVOLMON-Stony-3,Stony 3,River/Stream,,01100006,,,,,41.1432200000,-73.3806200000,,,,Unknown,UNKWN,,,,,,,US,09,001,,,,,,,,,,STORET
CTVOLMON,CT DEEP Volunteer Water Monitoring Program (Volunteer),CTVOLMON-Stony-4,Stony 4,River/Stream,,01100006,,,,,41.1488300000,-73.3842400000,,,,Unknown,UNKWN,,,,,,,US,09,001,,,,,,,,,,STORET
CTVOLMON,CT DEEP Volunteer Water Monitoring Program (Volunteer),CTVOLMON-Stony-5,Stony 5,River/Stream,,01100006,,,,,41.1503300000,-73.3873900000,,,,Unknown,UNKWN,,,,,,,US,09,001,,,,,,,,,,STORET
CTVOLMON,CT DEEP Volunteer Water Monitoring Program (Volunteer),CTVOLMON-Stony-6,Stony 6,River/Stream,,01100006,,,,,41.1517800000,-73.3910000000,,,,Unknown,UNKWN,,,,,,,US,09,001,,,,,,,,,,STORET
CTVOLMON,CT DEEP Volunteer Water Monitoring Program (Volunteer),CTVOLMON-Success-1,Success 1,River/Stream,,01100006,,,,,41.1889800000,-73.1716200000,,,,Unknown,UNKWN,,,,,,,US,09,001,,,,,,,,,,STORET
CTVOLMON,CT DEEP Volunteer Water Monitoring Program (Volunteer),CTVOLMON-Success-2A,Success 2A,River/Stream,,01100006,,,,,41.2186200000,-73.1702800000,,,,Unknown,UNKWN,,,,,,,US,09,001,,,,,,,,,,STORET
CTVOLMON,CT DEEP Volunteer Water Monitoring Program (Volunteer),CTVOLMON-Success-2C,Success 2C,River/Stream,,01100006,,,,,41.2266600000,-73.1667100000,,,,Unknown,UNKWN,,,,,,,US,09,001,,,,,,,,,,STORET
CTVOLMON,CT DEEP Volunteer Water Monitoring Program (Volunteer),CTVOLMON-Success-3A,Success 3A,River/Stream,,01100006,,,,,41.2181200000,-73.1664300000,,,,Unknown,UNKWN,,,,,,,US,09,001,,,,,,,,,,STORET
CTVOLMON,CT DEEP Volunteer Water Monitoring Program (Volunteer),CTVOLMON-Success-3B,Success 3B,River/Stream,,01100006,,,,,41.2205800000,-73.1644900000,,,,Unknown,UNKWN,,,,,,,US,09,001,,,,,,,,,,STORET
HARBORWATCH_WQX,"Harbor Watch, a Program of Earthplace, Inc.",HARBORWATCH_WQX-Ash-1,Ash 1,Estuary,Ash Creek,01100006,,,,,41.1674500000,-73.2236900000,,,,GPS-Unspecified,WGS84,,,,,,,US,09,001,,,,,,,,,,STORET
HARBORWATCH_WQX,"Harbor Watch, a Program of Earthplace, Inc.",HARBORWATCH_WQX-Bruce-0.5,Bruce 0.5,Estuary,Bruce Brook,01100006,,,,,41.1739560000,-73.1585580000,,,,GPS-Unspecified,WGS84,,,,,,,US,09,001,,,,,,,,,,STORET
HARBORWATCH_WQX,"Harbor Watch, a Program of Earthplace, Inc.",HARBORWATCH_WQX-Bruce-1,Bruce 1,River/Stream,Bruce Brook,01100006,,,,,41.1838600000,-73.1544700000,,,,GPS-Unspecified,WGS84,,,,,,,US,09,001,,,,,,,,,,STORET
HARBORWATCH_WQX,"Harbor Watch, a Program of Earthplace, Inc.",HARBORWATCH_WQX-Bruce-2,Bruce 2,River/Stream,Bruce Brook,01100006,,,,,41.1918800000,-73.1542700000,,,,GPS-Unspecified,WGS84,,,,,,,US,09,001,,,,,,,,,,STORET
HARBORWATCH_WQX,"Harbor Watch, a Program of Earthplace, Inc.",HARBORWATCH_WQX-Bruce-3,Bruce 3,River/Stream,Bruce Brook,01100006,,,,,41.1969900000,-73.1508500000,,,,GPS-Unspecified,WGS84,,,,,,,US,09,001,,,,,,,,,,STORET
HARBORWATCH_WQX,"Harbor Watch, a Program of Earthplace, Inc.",HARBORWATCH_WQX-Bruce-4,Bruce 4,River/Stream,Bruce Brook,01100006,,,,,41.2039700000,-73.1480300000,,,,GPS-Unspecified,WGS84,,,,,,,US,09,001,,,,,,,,,,STORET
HARBORWATCH_WQX,"Harbor Watch, a Program of Earthplace, Inc.",HARBORWATCH_WQX-Bruce-5,Bruce 5,River/Stream,Bruce Brook,01100006,,,,,41.2091500000,-73.1456500000,,,,GPS-Unspecified,WGS84,,,,,,,US,09,001,,,,,,,,,,STORET
HARBORWATCH_WQX,"Harbor Watch, a Program of Earthplace, Inc.",HARBORWATCH_WQX-Bruce-6,Bruce 6,River/Stream,Bruce Brook,01100006,,,,,41.2194900000,-73.1409100000,,,,GPS-Unspecified,WGS84,,,,,,,US,09,001,,,,,,,,,,STORET
HARBORWATCH_WQX,"Harbor Watch, a Program of Earthplace, Inc.",HARBORWATCH_WQX-Bruce-7,Bruce 7,River/Stream,Bruce Brook,01100006,,,,,41.2211800000,-73.1409100000,,,,GPS-Unspecified,WGS84,,,,,,,US,09,001,,,,,,,,,,STORET
HARBORWATCH_WQX,"Harbor Watch, a Program of Earthplace, Inc.",HARBORWATCH_WQX-Bruce-8,Bruce 8,River/Stream,Bruce Brook,01100006,,,,,41.2227800000,-73.1415700000,,,,GPS-Unspecified,WGS84,,,,,,,US,09,001,,,,,,,,,,STORET
HARBORWATCH_WQX,"Harbor Watch, a Program of Earthplace, Inc.",HARBORWATCH_WQX-Comstock-1,Comstock 1,River/Stream,Comstock Brook,01100006,,,,,41.1959700000,-73.4374700000,,,,GPS-Unspecified,WGS84,,,,,,,US,09,001,,,,,,,,,,STORET
HARBORWATCH_WQX,"Harbor Watch, a Program of Earthplace, Inc.",HARBORWATCH_WQX-Comstock-2,Comstock 2,River/Stream,Comstock Brook,01100006,,,,,41.2051800000,-73.4482200000,,,,GPS-Unspecified,WGS84,,,,,,,US,09,001,,,,,,,,,,STORET
HARBORWATCH_WQX,"Harbor Watch, a Program of Earthplace, Inc.",HARBORWATCH_WQX-Comstock-3,Comstock 3,River/Stream,Comstock Brook,01100006,,,,,41.2126200000,-73.4584100000,,,,GPS-Unspecified,WGS84,,,,,,,US,09,001,,,,,,,,,,STORET
HARBORWATCH_WQX,"Harbor Watch, a Program of Earthplace, Inc.",HARBORWATCH_WQX-East-Comstock-1,East Comstock 1,River/Stream,Comstock Brook,01100006,,,,,41.2324700000,-73.4650200000,,,,GPS-Unspecified,WGS84,,,,,,,US,09,001,,,,,,,,,,STORET
HARBORWATCH_WQX,"Harbor Watch, a Program of Earthplace, Inc.",HARBORWATCH_WQX-East-Comstock-2,East Comstock 2,River/Stream,Comstock Brook,01100006,,,,,41.2392700000,-73.4616400000,,,,GPS-Unspecified,WGS84,,,,,,,US,09,001,,,,,,,,,,STORET
HARBORWATCH_WQX,"Harbor Watch, a Program of Earthplace, Inc.",HARBORWATCH_WQX-Fivemile-1,Fivemile 1,Estuary,Fivemile River,01100006,,,,,41.0730200000,-73.4476200000,,,,GPS-Unspecified,WGS84,,,,,,,US,09,001,,,,,,,,,,STORET
HARBORWATCH_WQX,"Harbor Watch, a Program of Earthplace, Inc.",HARBORWATCH_WQX-Fivemile-10,Fivemile 10,River/Stream,Fivemile River,01100006,,,,,41.1893200000,-73.5141400000,,,,GPS-Unspecified,WGS84,,,,,,,US,09,001,,,,,,,,,,STORET
HARBORWATCH_WQX,"Harbor Watch, a Program of Earthplace, Inc.",HARBORWATCH_WQX-Fivemile-2,Fivemile 2,River/Stream,Fivemile River,01100006,,,,,41.0881900000,-73.4507100000,,,,GPS-Unspecified,WGS84,,,,,,,US,09,001,,,,,,,,,,STORET
HARBORWATCH_WQX,"Harbor Watch, a Program of Earthplace, Inc.",HARBORWATCH_WQX-Fivemile-3,Fivemile 3,River/Stream,Fivemile River,01100006,,,,,41.1005800000,-73.4544100000,,,,GPS-Unspecified,WGS84,,,,,,,US,09,001,,,,,,,,,,STORET
HARBORWATCH_WQX,"Harbor Watch, a Program of Earthplace, Inc.",HARBORWATCH_WQX-Fivemile-4,Fivemile 4,River/Stream,Fivemile River,01100006,,,,,41.1106900000,-73.4619600000,,,,GPS-Unspecified,WGS84,,,,,,,US,09,001,,,,,,,,,,STORET
HARBORWATCH_WQX,"Harbor Watch, a Program of Earthplace, Inc.",HARBORWATCH_WQX-Fivemile-5,Fivemile 5,River/Stream,Fivemile River,01100006,,,,,41.1269000000,-73.4710200000,,,,GPS-Unspecified,WGS84,,,,,,,US,09,001,,,,,,,,,,STORET
HARBORWATCH_WQX,"Harbor Watch, a Program of Earthplace, Inc.",HARBORWATCH_WQX-Fivemile-6,Fivemile 6,River/Stream,Fivemile River,01100006,,,,,41.1366200000,-73.4791700000,,,,GPS-Unspecified,WGS84,,,,,,,US,09,001,,,,,,,,,,STORET
HARBORWATCH_WQX,"Harbor Watch, a Program of Earthplace, Inc.",HARBORWATCH_WQX-Fivemile-7,Fivemile 7,River/Stream,Fivemile River,01100006,,,,,41.1478300000,-73.4835300000,,,,GPS-Unspecified,WGS84,,,,,,,US,09,001,,,,,,,,,,STORET
HARBORWATCH_WQX,"Harbor Watch, a Program of Earthplace, Inc.",HARBORWATCH_WQX-Fivemile-8,Fivemile 8,River/Stream,Fivemile River,01100006,,,,,41.1555800000,-73.4934500000,,,,GPS-Unspecified,WGS84,,,,,,,US,09,001,,,,,,,,,,STORET
HARBORWATCH_WQX,"Harbor Watch, a Program of Earthplace, Inc.",HARBORWATCH_WQX-Fivemile-9,Fivemile 9,River/Stream,Fivemile River,01100006,,,,,41.1681100000,-73.5049300000,,,,GPS-Unspecified,WGS84,,,,,,,US,09,001,,,,,,,,,,STORET
HARBORWATCH_WQX,"Harbor Watch, a Program of Earthplace, Inc.",HARBORWATCH_WQX-Five-Mile-River-Harbor-1,Five Mile River Harbor 1,Estuary,Five Mile River Harbor DO Survey,02030203,,,,,41.0562500000,-73.4457670000,,,,GPS-Unspecified,WGS84,,,,,,,US,09,001,,,,,,,,,,STORET
HARBORWATCH_WQX,"Harbor Watch, a Program of Earthplace, Inc.",HARBORWATCH_WQX-Five-Mile-River-Harbor-2,Five Mile River Harbor 2,Estuary,Five Mile River Harbor DO Survey,01100006,,,,,41.0613170000,-73.4462500000,,,,GPS-Unspecified,WGS84,,,,,,,US,09,001,,,,,,,,,,STORET
HARBORWATCH_WQX,"Harbor Watch, a Program of Earthplace, Inc.",HARBORWATCH_WQX-Five-Mile-River-Harbor-3,Five Mile River Harbor 3,Estuary,Five Mile River Harbor DO Survey,01100006,,,,,41.0649670000,-73.4453170000,,,,GPS-Unspecified,WGS84,,,,,,,US,09,001,,,,,,,,,,STORET
HARBORWATCH_WQX,"Harbor Watch, a Program of Earthplace, Inc.",HARBORWATCH_WQX-Five-Mile-River-Harbor-4,Five Mile River Harbor 4,Estuary,Five Mile River Harbor DO Survey,01100006,,,,,41.0672330000,-73.4447330000,,,,GPS-Unspecified,WGS84,,,,,,,US,09,001,,,,,,,,,,STORET
HARBORWATCH_WQX,"Harbor Watch, a Program of Earthplace, Inc.",HARBORWATCH_WQX-Five-Mile-River-Harbor-5,Five Mile River Harbor 5,Estuary,Five Mile River Harbor DO Survey,01100006,,,,,41.0693330000,-73.4445500000,,,,GPS-Unspecified,WGS84,,,,,,,US,09,001,,,,,,,,,,STORET
HARBORWATCH_WQX,"Harbor Watch, a Program of Earthplace, Inc.",HARBORWATCH_WQX-Great-1,Great 1,River/Stream,Sasco Brook,01100006,,,,,41.1604740000,-73.3017090000,,,,GPS-Unspecified,WGS84,,,,,,,US,09,001,,,,,,,,,,STORET
HARBORWATCH_WQX,"Harbor Watch, a Program of Earthplace, Inc.",HARBORWATCH_WQX-Great-2,Great 2,River/Stream,Sasco Brook,01100006,,,,,41.1694020000,-73.3013490000,,,,GPS-Unspecified,WGS84,,,,,,,US,09,001,,,,,,,,,,STORET
HARBORWATCH_WQX,"Harbor Watch, a Program of Earthplace, Inc.",HARBORWATCH_WQX-Great-3,Great 3,River/Stream,Sasco Brook,01100006,,,,,41.1782740000,-73.3004640000,,,,GPS-Unspecified,WGS84,,,,,,,US,09,001,,,,,,,,,,STORET
HARBORWATCH_WQX,"Harbor Watch, a Program of Earthplace, Inc.",HARBORWATCH_WQX-Great-4,Great 4,River/Stream,Sasco Brook,01100006,,,,,41.1861110000,-73.2959420000,,,,GPS-Unspecified,WGS84,,,,,,,US,09,001,,,,,,,,,,STORET
HARBORWATCH_WQX,"Harbor Watch, a Program of Earthplace, Inc.",HARBORWATCH_WQX-Horse-Tavern-1,Horse Tavern 1,River/Stream,Ash Creek,01100006,,,,,41.1958540000,-73.2319930000,,,,GPS-Unspecified,WGS84,,,,,,,US,09,001,,,,,,,,,,STORET
HARBORWATCH_WQX,"Harbor Watch, a Program of Earthplace, Inc.",HARBORWATCH_WQX-Horse-Tavern-2,Horse Tavern 2,River/Stream,Ash Creek,01100006,,,,,41.2031600000,-73.2294000000,,,,GPS-Unspecified,WGS84,,,,,,,US,09,001,,,,,,,,,,STORET
HARBORWATCH_WQX,"Harbor Watch, a Program of Earthplace, Inc.",HARBORWATCH_WQX-Horse-Tavern-3,Horse Tavern 3,River/Stream,Ash Creek,01100006,,,,,41.2124300000,-73.2238200000,,,,GPS-Unspecified,WGS84,,,,,,,US,09,001,,,,,,,,,,STORET
HARBORWATCH_WQX,"Harbor Watch, a Program of Earthplace, Inc.",HARBORWATCH_WQX-Horse-Tavern-4,Horse Tavern 4,River/Stream,Ash Creek,01100006,,,,,41.2357200000,-73.2281100000,,,,GPS-Unspecified,WGS84,,,,,,,US,09,001,,,,,,,,,,STORET
HARBORWATCH_WQX,"Harbor Watch, a Program of Earthplace, Inc.",HARBORWATCH_WQX-Horse-Tavern-5,Horse Tavern 5,River/Stream,Ash Creek,01100006,,,,,41.2443800000,-73.2320500000,,,,GPS-Unspecified,WGS84,,,,,,,US,09,001,,,,,,,,,,STORET
HARBORWATCH_WQX,"Harbor Watch, a Program of Earthplace, Inc.",HARBORWATCH_WQX-Housatonic-River-2,Housatonic River 2,Estuary,Housatonic River DO Survey,02030203,,,,,41.1749830000,-73.1203330000,,,,GPS-Unspecified,WGS84,,,,,,,US,09,001,,,,,,,,,,STORET
HARBORWATCH_WQX,"Harbor Watch, a Program of Earthplace, Inc.",HARBORWATCH_WQX-Housatonic-River-3,Housatonic River 3,Estuary,Housatonic River DO Survey,02030203,,,,,41.1780330000,-73.1235500000,,,,GPS-Unspecified,WGS84,,,,,,,US,09,001,,,,,,,,,,STORET
HARBORWATCH_WQX,"Harbor Watch, a Program of Earthplace, Inc.",HARBORWATCH_WQX-Housatonic-River-4,Housatonic River 4,Estuary,Housatonic River DO Survey,02030203,,,,,41.1852500000,-73.1229170000,,,,GPS-Unspecified,WGS84,,,,,,,US,09,001,,,,,,,,,,STORET
HARBORWATCH_WQX,"Harbor Watch, a Program of Earthplace, Inc.",HARBORWATCH_WQX-Hunt-Club-1,Hunt Club 1,River/Stream,Sasco Brook,01100006,,,,,41.1458700000,-73.3035700000,,,,GPS-Unspecified,WGS84,,,,,,,US,09,001,,,,,,,,,,STORET
HARBORWATCH_WQX,"Harbor Watch, a Program of Earthplace, Inc.",HARBORWATCH_WQX-Hunt-Club-2,Hunt Club 2,River/Stream,Sasco Brook,01100006,,,,,41.1478600000,-73.3073600000,,,,GPS-Unspecified,WGS84,,,,,,,US,09,001,,,,,,,,,,STORET
HARBORWATCH_WQX,"Harbor Watch, a Program of Earthplace, Inc.",HARBORWATCH_WQX-Island-1,Island 1,River/Stream,Pequonnock River,01100006,,,,,41.2078350000,-73.1961250000,,,,GPS-Unspecified,WGS84,,,,,,,US,09,001,,,,,,,,,,STORET
HARBORWATCH_WQX,"Harbor Watch, a Program of Earthplace, Inc.",HARBORWATCH_WQX-Island-2,Island 2,River/Stream,Pequonnock River,01100006,,,,,41.2120590000,-73.1995360000,,,,GPS-Unspecified,WGS84,,,,,,,US,09,001,,,,,,,,,,STORET
HARBORWATCH_WQX,"Harbor Watch, a Program of Earthplace, Inc.",HARBORWATCH_WQX-Island-3,Island 3,River/Stream,Pequonnock River,01100006,,,,,41.2171790000,-73.2075650000,,,,GPS-Unspecified,WGS84,,,,,,,US,09,001,,,,,,,,,,STORET
HARBORWATCH_WQX,"Harbor Watch, a Program of Earthplace, Inc.",HARBORWATCH_WQX-Island-4,Island 4,River/Stream,Pequonnock River,01100006,,,,,41.2253960000,-73.2057370000,,,,GPS-Unspecified,WGS84,,,,,,,US,09,001,,,,,,,,,,STORET
HARBORWATCH_WQX,"Harbor Watch, a Program of Earthplace, Inc.",HARBORWATCH_WQX-Island-5,Island 5,River/Stream,Pequonnock River,01100006,,,,,41.2348950000,-73.2172300000,,,,GPS-Unspecified,WGS84,,,,,,,US,09,001,,,,,,,,,,STORET
HARBORWATCH_WQX,"Harbor Watch, a Program of Earthplace, Inc.",HARBORWATCH_WQX-Londons-1,Londons 1,River/Stream,Ash Creek,01100006,,,,,41.1953760000,-73.2353950000,,,,GPS-Unspecified,WGS84,,,,,,,US,09,001,,,,,,,,,,STORET
HARBORWATCH_WQX,"Harbor Watch, a Program of Earthplace, Inc.",HARBORWATCH_WQX-New-0.5,New 0.5,Estuary,Sherwood Millpond Tributaries,01100006,,,,,41.1165700000,-73.3187000000,,,,GPS-Unspecified,WGS84,,,,,,,US,09,001,,,,,,,,,,STORET
HARBORWATCH_WQX,"Harbor Watch, a Program of Earthplace, Inc.",HARBORWATCH_WQX-New-1,New 1,Estuary,Sherwood Millpond Tributaries,01100006,,,,,41.1188390000,-73.3169260000,,,,GPS-Unspecified,WGS84,,,,,,,US,09,001,,,,,,,,,,STORET
HARBORWATCH_WQX,"Harbor Watch, a Program of Earthplace, Inc.",HARBORWATCH_WQX-New-1.5,New 1.5,Estuary,Sherwood Millpond Tributaries,01100006,,,,,41.1207570000,-73.3151300000,,,,GPS-Unspecified,WGS84,,,,,,,US,09,001,,,,,,,,,,STORET
HARBORWATCH_WQX,"Harbor Watch, a Program of Earthplace, Inc.",HARBORWATCH_WQX-New-1.75,New 1.75,Estuary,Sherwood Millpond Tributaries,01100006,,,,,41.1217400000,-73.3143790000,,,,GPS-Unspecified,WGS84,,,,,,,US,09,001,,,,,,,,,,STORET
HARBORWATCH_WQX,"Harbor Watch, a Program of Earthplace, Inc.",HARBORWATCH_WQX-New-2,New 2,River/Stream,Sherwood Millpond Tributaries,01100006,,,,,41.1233440000,-73.3137940000,,,,GPS-Unspecified,WGS84,,,,,,,US,09,001,,,,,,,,,,STORET
HARBORWATCH_WQX,"Harbor Watch, a Program of Earthplace, Inc.",HARBORWATCH_WQX-New-3,New 3,River/Stream,Sherwood Millpond Tributaries,01100006,,,,,41.1306410000,-73.3128200000,,,,GPS-Unspecified,WGS84,,,,,,,US,09,001,,,,,,,,,,STORET
HARBORWATCH_WQX,"Harbor Watch, a Program of Earthplace, Inc.",HARBORWATCH_WQX-NH-1,Norwalk Harbor 1_FIB,Estuary,Norwalk Harbor,01100006,,,,,41.1173800000,-73.4110500000,,,,GPS-Unspecified,WGS84,,,,,,,US,09,001,,,,,,,,,,STORET
HARBORWATCH_WQX,"Harbor Watch, a Program of Earthplace, Inc.",HARBORWATCH_WQX-NH-2,Norwalk Harbor 2_FIB,Estuary,Norwalk Harbor,01100006,,,,,41.1079900000,-73.4111700000,,,,GPS-Unspecified,WGS84,,,,,,,US,09,001,,,,,,,,,,STORET
HARBORWATCH_WQX,"Harbor Watch, a Program of Earthplace, Inc.",HARBORWATCH_WQX-NH-3,Norwalk Harbor 3_FIB,Estuary,Norwalk Harbor,01100006,,,,,41.1020500000,-73.4160000000,,,,GPS-Unspecified,WGS84,,,,,,,US,09,001,,,,,,,,,,STORET
HARBORWATCH_WQX,"Harbor Watch, a Program of Earthplace, Inc.",HARBORWATCH_WQX-NH-4,Norwalk Harbor 4_FIB,Estuary,Norwalk Harbor,02030203,,,,,41.0984600000,-73.4141900000,,,,GPS-Unspecified,WGS84,,,,,,,US,09,001,,,,,,,,,,STORET
HARBORWATCH_WQX,"Harbor Watch, a Program of Earthplace, Inc.",HARBORWATCH_WQX-NH-5,Norwalk Harbor 5_FIB,Estuary,Norwalk Harbor,02030203,,,,,41.0938500000,-73.4100300000,,,,GPS-Unspecified,WGS84,,,,,,,US,09,001,,,,,,,,,,STORET
HARBORWATCH_WQX,"Harbor Watch, a Program of Earthplace, Inc.",HARBORWATCH_WQX-NH-6,Norwalk Harbor 6_FIB,Estuary,Norwalk Harbor,02030203,,,,,41.0872700000,-73.4042500000,,,,GPS-Unspecified,WGS84,,,,,,,US,09,001,,,,,,,,,,STORET
HARBORWATCH_WQX,"Harbor Watch, a Program of Earthplace, Inc.",HARBORWATCH_WQX-NH-7,Norwalk Harbor 7_FIB,Estuary,Norwalk Harbor,02030203,,,,,41.0793900000,-73.4007300000,,,,GPS-Unspecified,WGS84,,,,,,,US,09,001,,,,,,,,,,STORET
HARBORWATCH_WQX,"Harbor Watch, a Program of Earthplace, Inc.",HARBORWATCH_WQX-Noroton-1,Noroton 1,Estuary,Noroton River,02030203,,,,,41.0609300000,-73.5073500000,,,,GPS-Unspecified,WGS84,,,,,,,US,09,001,,,,,,,,,,STORET
HARBORWATCH_WQX,"Harbor Watch, a Program of Earthplace, Inc.",HARBORWATCH_WQX-Noroton-1.75,Noroton 1.75,River/Stream,Noroton River,01100006,,,,,41.0721800000,-73.5110000000,,,,GPS-Unspecified,WGS84,,,,,,,US,09,001,,,,,,,,,,STORET
HARBORWATCH_WQX,"Harbor Watch, a Program of Earthplace, Inc.",HARBORWATCH_WQX-Noroton-2,Noroton 2,River/Stream,Noroton River,01100006,,,,,41.0753000000,-73.5155000000,,,,GPS-Unspecified,WGS84,,,,,,,US,09,001,,,,,,,,,,STORET
HARBORWATCH_WQX,"Harbor Watch, a Program of Earthplace, Inc.",HARBORWATCH_WQX-Noroton-3,Noroton 3,River/Stream,Noroton River,01100006,,,,,41.0953000000,-73.5144300000,,,,GPS-Unspecified,WGS84,,,,,,,US,09,001,,,,,,,,,,STORET
HARBORWATCH_WQX,"Harbor Watch, a Program of Earthplace, Inc.",HARBORWATCH_WQX-Noroton-4,Noroton 4,River/Stream,Noroton River,01100006,,,,,41.1029000000,-73.5098200000,,,,GPS-Unspecified,WGS84,,,,,,,US,09,001,,,,,,,,,,STORET
HARBORWATCH_WQX,"Harbor Watch, a Program of Earthplace, Inc.",HARBORWATCH_WQX-Noroton-5,Noroton 5,River/Stream,Noroton River,01100006,,,,,41.1186800000,-73.5013000000,,,,GPS-Unspecified,WGS84,,,,,,,US,09,001,,,,,,,,,,STORET
HARBORWATCH_WQX,"Harbor Watch, a Program of Earthplace, Inc.",HARBORWATCH_WQX-Noroton-7,Noroton 7,River/Stream,Noroton River,01100006,,,,,41.1410800000,-73.5116700000,,,,GPS-Unspecified,WGS84,,,,,,,US,09,001,,,,,,,,,,STORET
HARBORWATCH_WQX,"Harbor Watch, a Program of Earthplace, Inc.",HARBORWATCH_WQX-Noroton-8,Noroton 8,River/Stream,Noroton River,01100006,,,,,41.1592500000,-73.5142100000,,,,GPS-Unspecified,WGS84,,,,,,,US,09,001,,,,,,,,,,STORET
HARBORWATCH_WQX,"Harbor Watch, a Program of Earthplace, Inc.",HARBORWATCH_WQX-Norwalk-0.25,Norwalk 0.25,Estuary,Norwalk River,01100006,,,,,41.1184140000,-73.4120130000,,,,GPS-Unspecified,WGS84,,,,,,,US,09,001,,,,,,,,,,STORET
HARBORWATCH_WQX,"Harbor Watch, a Program of Earthplace, Inc.",HARBORWATCH_WQX-Norwalk-0.5,Norwalk 0.5,Estuary,Norwalk River,01100006,,,,,41.1189310000,-73.4138130000,,,,GPS-Unspecified,WGS84,,,,,,,US,09,001,,,,,,,,,,STORET
HARBORWATCH_WQX,"Harbor Watch, a Program of Earthplace, Inc.",HARBORWATCH_WQX-Norwalk-1,Norwalk 1,River/Stream,Norwalk River,01100006,,,,,41.1194700000,-73.4170100000,,,,GPS-Unspecified,WGS84,,,,,,,US,09,001,,,,,,,,,,STORET
HARBORWATCH_WQX,"Harbor Watch, a Program of Earthplace, Inc.",HARBORWATCH_WQX-Norwalk-13,Norwalk 13,River/Stream,Norwalk River,01100006,,,,,41.2655000000,-73.4407900000,,,,GPS-Unspecified,WGS84,,,,,,,US,09,001,,,,,,,,,,STORET
HARBORWATCH_WQX,"Harbor Watch, a Program of Earthplace, Inc.",HARBORWATCH_WQX-Norwalk-15,Norwalk 15,River/Stream,Norwalk River,01100006,,,,,41.3087000000,-73.4688400000,,,,GPS-Unspecified,WGS84,,,,,,,US,09,001,,,,,,,,,,STORET
HARBORWATCH_WQX,"Harbor Watch, a Program of Earthplace, Inc.",HARBORWATCH_WQX-Norwalk-19,Norwalk 19,River/Stream,Norwalk River,01100006,,,,,41.3167200000,-73.4900100000,,,,GPS-Unspecified,WGS84,,,,,,,US,09,001,,,,,,,,,,STORET
HARBORWATCH_WQX,"Harbor Watch, a Program of Earthplace, Inc.",HARBORWATCH_WQX-Norwalk-2,Norwalk 2,River/Stream,Norwalk River,01100006,,,,,41.1263160000,-73.4291620000,,,,GPS-Unspecified,WGS84,,,,,,,US,09,001,,,,,,,,,,STORET
HARBORWATCH_WQX,"Harbor Watch, a Program of Earthplace, Inc.",HARBORWATCH_WQX-Norwalk-21,Norwalk 21,River/Stream,Norwalk River,01100006,,,,,41.2944400000,-73.4884300000,,,,GPS-Unspecified,WGS84,,,,,,,US,09,001,,,,,,,,,,STORET
HARBORWATCH_WQX,"Harbor Watch, a Program of Earthplace, Inc.",HARBORWATCH_WQX-Norwalk-23,Norwalk 23,River/Stream,Norwalk River,01100006,,,,,41.2900500000,-73.4934900000,,,,GPS-Unspecified,WGS84,,,,,,,US,09,001,,,,,,,,,,STORET
HARBORWATCH_WQX,"Harbor Watch, a Program of Earthplace, Inc.",HARBORWATCH_WQX-Norwalk-4,Norwalk 4,River/Stream,Norwalk River,01100006,,,,,41.1434900000,-73.4266900000,,,,GPS-Unspecified,WGS84,,,,,,,US,09,001,,,,,,,,,,STORET
HARBORWATCH_WQX,"Harbor Watch, a Program of Earthplace, Inc.",HARBORWATCH_WQX-Norwalk-6,Norwalk 6,River/Stream,Norwalk River,01100006,,,,,41.1834100000,-73.4227600000,,,,GPS-Unspecified,WGS84,,,,,,,US,09,001,,,,,,,,,,STORET
HARBORWATCH_WQX,"Harbor Watch, a Program of Earthplace, Inc.",HARBORWATCH_WQX-Norwalk-9,Norwalk 9,River/Stream,Norwalk River,01100006,,,,,41.2035400000,-73.4309400000,,,,GPS-Unspecified,WGS84,,,,,,,US,09,001,,,,,,,,,,STORET
HARBORWATCH_WQX,"Harbor Watch, a Program of Earthplace, Inc.",HARBORWATCH_WQX-Norwalk-9.5,Norwalk 9.5,River/Stream,Norwalk River,01100006,,,,,41.2459000000,-73.4340900000,,,,GPS-Unspecified,WGS84,,,,,,,US,09,001,,,,,,,,,,STORET
HARBORWATCH_WQX,"Harbor Watch, a Program of Earthplace, Inc.",HARBORWATCH_WQX-Norwalk-Harbor-1,Norwalk Harbor 1,Estuary,Norwalk Harbor DO Survey,01100006,,,,,41.1080000000,-73.4111670000,,,,GPS-Unspecified,WGS84,,,,,,,US,09,001,,,,,,,,,,STORET
HARBORWATCH_WQX,"Harbor Watch, a Program of Earthplace, Inc.",HARBORWATCH_WQX-Norwalk-Harbor-1A,Norwalk Harbor 1A,Estuary,Norwalk Harbor DO Survey,01100006,,,,,41.1173890000,-73.4110560000,,,,GPS-Unspecified,WGS84,,,,,,,US,09,001,,,,,,,,,,STORET
HARBORWATCH_WQX,"Harbor Watch, a Program of Earthplace, Inc.",HARBORWATCH_WQX-Norwalk-Harbor-2,Norwalk Harbor 2,Estuary,Norwalk Harbor DO Survey,01100006,,,,,41.1020560000,-73.4160000000,,,,GPS-Unspecified,WGS84,,,,,,,US,09,001,,,,,,,,,,STORET
HARBORWATCH_WQX,"Harbor Watch, a Program of Earthplace, Inc.",HARBORWATCH_WQX-Norwalk-Harbor-3,Norwalk Harbor 3,Estuary,Norwalk Harbor DO Survey,02030203,,,,,41.0984720000,-73.4141940000,,,,GPS-Unspecified,WGS84,,,,,,,US,09,001,,,,,,,,,,STORET
HARBORWATCH_WQX,"Harbor Watch, a Program of Earthplace, Inc.",HARBORWATCH_WQX-Norwalk-Harbor-4,Norwalk Harbor 4,Estuary,Norwalk Harbor DO Survey,02030203,,,,,41.0872780000,-73.4042500000,,,,GPS-Unspecified,WGS84,,,,,,,US,09,001,,,,,,,,,,STORET
HARBORWATCH_WQX,"Harbor Watch, a Program of Earthplace, Inc.",HARBORWATCH_WQX-Norwalk-Harbor-4A,Norwalk Harbor 4A,Estuary,Norwalk Harbor DO Survey,02030203,,,,,41.0938610000,-73.4100280000,,,,GPS-Unspecified,WGS84,,,,,,,US,09,001,,,,,,,,,,STORET
HARBORWATCH_WQX,"Harbor Watch, a Program of Earthplace, Inc.",HARBORWATCH_WQX-Norwalk-Harbor-5,Norwalk Harbor 5,Estuary,Norwalk Harbor DO Survey,02030203,,,,,41.0696110000,-73.3974720000,,,,GPS-Unspecified,WGS84,,,,,,,US,09,001,,,,,,,,,,STORET
HARBORWATCH_WQX,"Harbor Watch, a Program of Earthplace, Inc.",HARBORWATCH_WQX-Norwalk-Harbor-5A,Norwalk Harbor 5A,Estuary,Norwalk Harbor DO Survey,02030203,,,,,41.0794020000,-73.4007270000,,,,GPS-Unspecified,WGS84,,,,,,,US,09,001,,,,,,,,,,STORET
HARBORWATCH_WQX,"Harbor Watch, a Program of Earthplace, Inc.",HARBORWATCH_WQX-Pequonnock-0.5,Pequonnock 0.5,Estuary,Pequonnock River,01100006,,,,,41.1944350000,-73.1869880000,,,,GPS-Unspecified,WGS84,,,,,,,US,09,001,,,,,,,,,,STORET
HARBORWATCH_WQX,"Harbor Watch, a Program of Earthplace, Inc.",HARBORWATCH_WQX-Pequonnock-0.75,Pequonnock 0.75,Estuary,Pequonnock River,01100006,,,,,41.1981760000,-73.1866940000,,,,GPS-Unspecified,WGS84,,,,,,,US,09,001,,,,,,,,,,STORET
HARBORWATCH_WQX,"Harbor Watch, a Program of Earthplace, Inc.",HARBORWATCH_WQX-Pequonnock-1,Pequonnock 1,River/Stream,Pequonnock River,01100006,,,,,41.2046000000,-73.1876500000,,,,GPS-Unspecified,WGS84,,,,,,,US,09,001,,,,,,,,,,STORET
HARBORWATCH_WQX,"Harbor Watch, a Program of Earthplace, Inc.",HARBORWATCH_WQX-Rippowam-0.5,Rippowam 0.5,Estuary,Rippowam River,01100006,,,,,41.0481300000,-73.5454200000,,,,GPS-Unspecified,WGS84,,,,,,,US,09,001,,,,,,,,,,STORET
HARBORWATCH_WQX,"Harbor Watch, a Program of Earthplace, Inc.",HARBORWATCH_WQX-Rippowam-10,Rippowam 10,River/Stream,Rippowam River,01100006,,,,,41.1615300000,-73.5384300000,,,,GPS-Unspecified,WGS84,,,,,,,US,09,001,,,,,,,,,,STORET
HARBORWATCH_WQX,"Harbor Watch, a Program of Earthplace, Inc.",HARBORWATCH_WQX-Rippowam-11,Rippowam 11,River/Stream,Rippowam River,01100006,,,,,41.1723400000,-73.5312600000,,,,GPS-Unspecified,WGS84,,,,,,,US,09,001,,,,,,,,,,STORET
HARBORWATCH_WQX,"Harbor Watch, a Program of Earthplace, Inc.",HARBORWATCH_WQX-Rippowam-11.5,Rippowam 11.5,River/Stream,Rippowam River,01100006,,,,,41.1756100000,-73.5292000000,,,,GPS-Unspecified,WGS84,,,,,,,US,09,001,,,,,,,,,,STORET
HARBORWATCH_WQX,"Harbor Watch, a Program of Earthplace, Inc.",HARBORWATCH_WQX-Rippowam-12,Rippowam 12,River/Stream,Rippowam River,01100006,,,,,41.1852400000,-73.5299900000,,,,GPS-Unspecified,WGS84,,,,,,,US,09,001,,,,,,,,,,STORET
HARBORWATCH_WQX,"Harbor Watch, a Program of Earthplace, Inc.",HARBORWATCH_WQX-Rippowam-2,Rippowam 2,River/Stream,Rippowam River,01100006,,,,,41.0590400000,-73.5466400000,,,,GPS-Unspecified,WGS84,,,,,,,US,09,001,,,,,,,,,,STORET
HARBORWATCH_WQX,"Harbor Watch, a Program of Earthplace, Inc.",HARBORWATCH_WQX-Rippowam-3,Rippowam 3,River/Stream,Rippowam River,01100006,,,,,41.0659300000,-73.5491200000,,,,GPS-Unspecified,WGS84,,,,,,,US,09,001,,,,,,,,,,STORET
HARBORWATCH_WQX,"Harbor Watch, a Program of Earthplace, Inc.",HARBORWATCH_WQX-Rippowam-4,Rippowam 4,River/Stream,Rippowam River,01100006,,,,,41.0661700000,-73.5576300000,,,,GPS-Unspecified,WGS84,,,,,,,US,09,001,,,,,,,,,,STORET
HARBORWATCH_WQX,"Harbor Watch, a Program of Earthplace, Inc.",HARBORWATCH_WQX-Rippowam-5,Rippowam 5,River/Stream,Rippowam River,01100006,,,,,41.0855900000,-73.5566400000,,,,GPS-Unspecified,WGS84,,,,,,,US,09,001,,,,,,,,,,STORET
HARBORWATCH_WQX,"Harbor Watch, a Program of Earthplace, Inc.",HARBORWATCH_WQX-Rippowam-7,Rippowam 7,River/Stream,Rippowam River,01100006,,,,,41.1055900000,-73.5586000000,,,,GPS-Unspecified,WGS84,,,,,,,US,09,001,,,,,,,,,,STORET
HARBORWATCH_WQX,"Harbor Watch, a Program of Earthplace, Inc.",HARBORWATCH_WQX-Rippowam-8,Rippowam 8,River/Stream,Rippowam River,01100006,,,,,41.1130200000,-73.5461900000,,,,GPS-Unspecified,WGS84,,,,,,,US,09,001,,,,,,,,,,STORET
HARBORWATCH_WQX,"Harbor Watch, a Program of Earthplace, Inc.",HARBORWATCH_WQX-Rippowam-9,Rippowam 9,River/Stream,Rippowam River,01100006,,,,,41.1502300000,-73.5341200000,,,,GPS-Unspecified,WGS84,,,,,,,US,09,001,,,,,,,,,,STORET
HARBORWATCH_WQX,"Harbor Watch, a Program of Earthplace, Inc.",HARBORWATCH_WQX-Rooster-2.5,Rooster 2.5,River/Stream,Ash Creek,01100006,,,,,41.1764820000,-73.2230400000,,,,GPS-Unspecified,WGS84,,,,,,,US,09,001,,,,,,,,,,STORET
HARBORWATCH_WQX,"Harbor Watch, a Program of Earthplace, Inc.",HARBORWATCH_WQX-Rooster-3.5,Rooster 3.5,River/Stream,Ash Creek,01100006,,,,,41.1828280000,-73.2177070000,,,,GPS-Unspecified,WGS84,,,,,,,US,09,001,,,,,,,,,,STORET
HARBORWATCH_WQX,"Harbor Watch, a Program of Earthplace, Inc.",HARBORWATCH_WQX-Rooster-4.5,Rooster 4.5,River/Stream,Ash Creek,01100006,,,,,41.1880700000,-73.2187200000,,,,GPS-Unspecified,WGS84,,,,,,,US,09,001,,,,,,,,,,STORET
HARBORWATCH_WQX,"Harbor Watch, a Program of Earthplace, Inc.",HARBORWATCH_WQX-Rooster-4.6,Rooster 4.6,River/Stream,Ash Creek,01100006,,,,,41.1885750000,-73.2206430000,,,,GPS-Unspecified,WGS84,,,,,,,US,09,001,,,,,,,,,,STORET
HARBORWATCH_WQX,"Harbor Watch, a Program of Earthplace, Inc.",HARBORWATCH_WQX-Rooster-4.7,Rooster 4.7,River/Stream,Ash Creek,01100006,,,,,41.1926040000,-73.2284950000,,,,GPS-Unspecified,WGS84,,,,,,,US,09,001,,,,,,,,,,STORET
HARBORWATCH_WQX,"Harbor Watch, a Program of Earthplace, Inc.",HARBORWATCH_WQX-Sasco-1,Sasco 1,Estuary,Sasco Brook,01100006,,,,,41.1247800000,-73.2988800000,,,,GPS-Unspecified,WGS84,,,,,,,US,09,001,,,,,,,,,,STORET
HARBORWATCH_WQX,"Harbor Watch, a Program of Earthplace, Inc.",HARBORWATCH_WQX-Sasco-2,Sasco 2,Estuary,Sasco Brook,01100006,,,,,41.1329300000,-73.2967500000,,,,GPS-Unspecified,WGS84,,,,,,,US,09,001,,,,,,,,,,STORET
HARBORWATCH_WQX,"Harbor Watch, a Program of Earthplace, Inc.",HARBORWATCH_WQX-Sasco-3,Sasco 3,Estuary,Sasco Brook,01100006,,,,,41.1370200000,-73.2970800000,,,,GPS-Unspecified,WGS84,,,,,,,US,09,001,,,,,,,,,,STORET
HARBORWATCH_WQX,"Harbor Watch, a Program of Earthplace, Inc.",HARBORWATCH_WQX-Sasco-4,Sasco 4,Estuary,Sasco Brook,01100006,,,,,41.1381300000,-73.2979300000,,,,GPS-Unspecified,WGS84,,,,,,,US,09,001,,,,,,,,,,STORET
HARBORWATCH_WQX,"Harbor Watch, a Program of Earthplace, Inc.",HARBORWATCH_WQX-Sasco-6,Sasco 6,River/Stream,Sasco Brook,01100006,,,,,41.1455600000,-73.3011100000,,,,GPS-Unspecified,WGS84,,,,,,,US,09,001,,,,,,,,,,STORET
HARBORWATCH_WQX,"Harbor Watch, a Program of Earthplace, Inc.",HARBORWATCH_WQX-Sasco-7,Sasco 7,River/Stream,Sasco Brook,01100006,,,,,41.1457300000,-73.3031400000,,,,GPS-Unspecified,WGS84,,,,,,,US,09,001,,,,,,,,,,STORET
HARBORWATCH_WQX,"Harbor Watch, a Program of Earthplace, Inc.",HARBORWATCH_WQX-Sasco-9,Sasco 9,River/Stream,Sasco Brook,01100006,,,,,41.1528000000,-73.3060500000,,,,GPS-Unspecified,WGS84,,,,,,,US,09,001,,,,,,,,,,STORET
HARBORWATCH_WQX,"Harbor Watch, a Program of Earthplace, Inc.",HARBORWATCH_WQX-Saugatuck-Harbor-1,Saugatuck Harbor 1,Estuary,Saugatuck Harbor DO Survey,02030203,,,,,41.1020500000,-73.3605330000,,,,GPS-Unspecified,WGS84,,,,,,,US,09,001,,,,,,,,,,STORET
HARBORWATCH_WQX,"Harbor Watch, a Program of Earthplace, Inc.",HARBORWATCH_WQX-Saugatuck-Harbor-2,Saugatuck Harbor 2,Estuary,Saugatuck Harbor DO Survey,02030203,,,,,41.1017330000,-73.3738330000,,,,GPS-Unspecified,WGS84,,,,,,,US,09,001,,,,,,,,,,STORET
HARBORWATCH_WQX,"Harbor Watch, a Program of Earthplace, Inc.",HARBORWATCH_WQX-Saugatuck-Harbor-3,Saugatuck Harbor 3,Estuary,Saugatuck Harbor DO Survey,02030203,,,,,41.1121670000,-73.3733170000,,,,GPS-Unspecified,WGS84,,,,,,,US,09,001,,,,,,,,,,STORET
HARBORWATCH_WQX,"Harbor Watch, a Program of Earthplace, Inc.",HARBORWATCH_WQX-Saugatuck-Harbor-4,Saugatuck Harbor 4,Estuary,Saugatuck Harbor DO Survey,02030203,,,,,41.1190670000,-73.3685170000,,,,GPS-Unspecified,WGS84,,,,,,,US,09,001,,,,,,,,,,STORET
HARBORWATCH_WQX,"Harbor Watch, a Program of Earthplace, Inc.",HARBORWATCH_WQX-Saugatuck-Harbor-5,Saugatuck Harbor 5,Estuary,Saugatuck Harbor DO Survey,01100006,,,,,41.1246170000,-73.3692330000,,,,GPS-Unspecified,WGS84,,,,,,,US,09,001,,,,,,,,,,STORET
HARBORWATCH_WQX,"Harbor Watch, a Program of Earthplace, Inc.",HARBORWATCH_WQX-Saugatuck-Harbor-6,Saugatuck Harbor 6,Estuary,Saugatuck Harbor DO Survey,01100006,,,,,41.1326830000,-73.3663830000,,,,GPS-Unspecified,WGS84,,,,,,,US,09,001,,,,,,,,,,STORET
HARBORWATCH_WQX,"Harbor Watch, a Program of Earthplace, Inc.",HARBORWATCH_WQX-Silvermine-1,Silvermine 1,River/Stream,Silvermine River,01100006,,,,,41.1359700000,-73.4345500000,,,,GPS-Unspecified,WGS84,,,,,,,US,09,001,,,,,,,,,,STORET
HARBORWATCH_WQX,"Harbor Watch, a Program of Earthplace, Inc.",HARBORWATCH_WQX-Silvermine-10,Silvermine 10,River/Stream,Silvermine River,01100006,,,,,41.1987100000,-73.4924000000,,,,GPS-Unspecified,WGS84,,,,,,,US,09,001,,,,,,,,,,STORET
HARBORWATCH_WQX,"Harbor Watch, a Program of Earthplace, Inc.",HARBORWATCH_WQX-Silvermine-2,Silvermine 2,River/Stream,Silvermine River,01100006,,,,,41.1472600000,-73.4429300000,,,,GPS-Unspecified,WGS84,,,,,,,US,09,001,,,,,,,,,,STORET
HARBORWATCH_WQX,"Harbor Watch, a Program of Earthplace, Inc.",HARBORWATCH_WQX-Silvermine-3,Silvermine 3,River/Stream,Silvermine River,01100006,,,,,41.1512600000,-73.4453900000,,,,GPS-Unspecified,WGS84,,,,,,,US,09,001,,,,,,,,,,STORET
HARBORWATCH_WQX,"Harbor Watch, a Program of Earthplace, Inc.",HARBORWATCH_WQX-Silvermine-4,Silvermine 4,River/Stream,Silvermine River,01100006,,,,,41.1597100000,-73.4527700000,,,,GPS-Unspecified,WGS84,,,,,,,US,09,001,,,,,,,,,,STORET
HARBORWATCH_WQX,"Harbor Watch, a Program of Earthplace, Inc.",HARBORWATCH_WQX-Silvermine-5,Silvermine 5,River/Stream,Silvermine River,01100006,,,,,41.1610700000,-73.4626500000,,,,GPS-Unspecified,WGS84,,,,,,,US,09,001,,,,,,,,,,STORET
HARBORWATCH_WQX,"Harbor Watch, a Program of Earthplace, Inc.",HARBORWATCH_WQX-Silvermine-6,Silvermine 6,River/Stream,Silvermine River,01100006,,,,,41.1712100000,-73.4712800000,,,,GPS-Unspecified,WGS84,,,,,,,US,09,001,,,,,,,,,,STORET
HARBORWATCH_WQX,"Harbor Watch, a Program of Earthplace, Inc.",HARBORWATCH_WQX-Silvermine-7,Silvermine 7,River/Stream,Silvermine River,01100006,,,,,41.1737100000,-73.4779900000,,,,GPS-Unspecified,WGS84,,,,,,,US,09,001,,,,,,,,,,STORET
HARBORWATCH_WQX,"Harbor Watch, a Program of Earthplace, Inc.",HARBORWATCH_WQX-Silvermine-8,Silvermine 8,River/Stream,Silvermine River,01100006,,,,,41.1779100000,-73.4817000000,,,,GPS-Unspecified,WGS84,,,,,,,US,09,001,,,,,,,,,,STORET
HARBORWATCH_WQX,"Harbor Watch, a Program of Earthplace, Inc.",HARBORWATCH_WQX-Silvermine-9,Silvermine 9,River/Stream,Silvermine River,01100006,,,,,41.1867900000,-73.4874900000,,,,GPS-Unspecified,WGS84,,,,,,,US,09,001,,,,,,,,,,STORET
HARBORWATCH_WQX,"Harbor Watch, a Program of Earthplace, Inc.",HARBORWATCH_WQX-Stamford-Harbor-East-1,Stamford Harbor East 1,Estuary,Stamford Harbor,01100006,,,,,41.0321110000,-73.5374440000,,,,GPS-Unspecified,WGS84,,,,,,,US,09,001,,,,,,,,,,STORET
HARBORWATCH_WQX,"Harbor Watch, a Program of Earthplace, Inc.",HARBORWATCH_WQX-Stamford-Harbor-East-2,Stamford Harbor East 2,Estuary,Stamford Harbor,01100006,,,,,41.0413610000,-73.5300280000,,,,GPS-Unspecified,WGS84,,,,,,,US,09,001,,,,,,,,,,STORET
HARBORWATCH_WQX,"Harbor Watch, a Program of Earthplace, Inc.",HARBORWATCH_WQX-Stamford-Harbor-West-1,Stamford Harbor West 1,Estuary,Stamford Harbor,02030203,,,,,41.0340000000,-73.5438610000,,,,GPS-Unspecified,WGS84,,,,,,,US,09,001,,,,,,,,,,STORET
HARBORWATCH_WQX,"Harbor Watch, a Program of Earthplace, Inc.",HARBORWATCH_WQX-Stamford-Harbor-West-2,Stamford Harbor West 2,Estuary,Stamford Harbor,02030203,,,,,41.0415560000,-73.5444440000,,,,GPS-Unspecified,WGS84,,,,,,,US,09,001,,,,,,,,,,STORET
HARBORWATCH_WQX,"Harbor Watch, a Program of Earthplace, Inc.",HARBORWATCH_WQX-Stamford-Harbor-West-3,Stamford Harbor West 3,Estuary,Stamford Harbor,01100006,,,,,41.0441400000,-73.5451110000,,,,GPS-Unspecified,WGS84,,,,,,,US,09,001,,,,,,,,,,STORET
HARBORWATCH_WQX,"Harbor Watch, a Program of Earthplace, Inc.",HARBORWATCH_WQX-Wilson-Cove-1,Wilson Cove 1,Estuary,Wilson Cove DO Survey,02030203,,,,,41.0701500000,-73.4302200000,,,,GPS-Unspecified,WGS84,,,,,,,US,09,001,,,,,,,,,,STORET
HARBORWATCH_WQX,"Harbor Watch, a Program of Earthplace, Inc.",HARBORWATCH_WQX-Wilson-Cove-2,Wilson Cove 2,Estuary,Wilson Cove DO Survey,02030203,,,,,41.0693500000,-73.4304400000,,,,GPS-Unspecified,WGS84,,,,,,,US,09,001,,,,,,,,,,STORET
HARBORWATCH_WQX,"Harbor Watch, a Program of Earthplace, Inc.",HARBORWATCH_WQX-Wilson-Cove-3,Wilson Cove 3,Estuary,Wilson Cove DO Survey,02030203,,,,,41.0673200000,-73.4310400000,,,,GPS-Unspecified,WGS84,,,,,,,US,09,001,,,,,,,,,,STORET
HARBORWATCH_WQX,"Harbor Watch, a Program of Earthplace, Inc.",HARBORWATCH_WQX-Wilson-Cove-4,Wilson Cove 4,Estuary,Wilson Cove DO Survey,02030203,,,,,41.0653900000,-73.4306900000,,,,GPS-Unspecified,WGS84,,,,,,,US,09,001,,,,,,,,,,STORET
HARBORWATCH_WQX,"Harbor Watch, a Program of Earthplace, Inc.",HARBORWATCH_WQX-Wilson-Cove-5,Wilson Cove 5,Estuary,Wilson Cove DO Survey,02030203,,,,,41.0629900000,-73.4290900000,,,,GPS-Unspecified,WGS84,,,,,,,US,09,001,,,,,,,,,,STORET
HARBORWATCH_WQX,"Harbor Watch, a Program of Earthplace, Inc.",HARBORWATCH_WQX-Wilson-Cove-6,Wilson Cove 6,Estuary,Wilson Cove DO Survey,02030203,,,,,41.0637000000,-73.4272400000,,,,GPS-Unspecified,WGS84,,,,,,,US,09,001,,,,,,,,,,STORET
HARBORWATCH_WQX,"Harbor Watch, a Program of Earthplace, Inc.",HARBORWATCH_WQX-Wilson-Cove-7,Wilson Cove 7,Estuary,Wilson Cove DO Survey,02030203,,,,,41.0586500000,-73.4265500000,,,,GPS-Unspecified,WGS84,,,,,,,US,09,001,,,,,,,,,,STORET
NALMS,North American Lake Management Society,NALMS-F205234,"Ball Pond, Fairfield County, CT, USA",Lake,Lake,01100005,,,,,41.4640000000,-73.5240000000,,,,GPS-Unspecified,NAD83,,,,,,,US,09,001,,,,,,,,,,STORET
NALMS,North American Lake Management Society,NALMS-F206018,"Lake Candlewood, Fairfield County, CT, USA",Reservoir,Reservoir,01100005,,,,,41.5010000000,-73.4530000000,,,,GPS-Unspecified,NAD83,,,,,,,US,09,001,,,,,,,,,,STORET
NALMS,North American Lake Management Society,NALMS-F207184,"Fox Hill Lake, Fairfield County, CT, USA",Lake,Lake,01100006,,,,,41.3280000000,-73.4890000000,,,,GPS-Unspecified,NAD83,,,,,,,US,09,001,,,,,,,,,,STORET
NALMS,North American Lake Management Society,NALMS-F208263,"Lake Kenosia, Fairfield County, CT, USA",Lake,Lake,01100005,,,,,41.3840000000,-73.5030000000,,,,GPS-Unspecified,NAD83,,,,,,,US,09,001,,,,,,,,,,STORET
NALMS,North American Lake Management Society,NALMS-F208464,"Lake Lillinonah, Fairfield County, CT, USA",Reservoir,Reservoir,01100005,,,,,41.4790000000,-73.3510000000,,,,GPS-Unspecified,NAD83,,,,,,,US,09,001,,,,,,,,,,STORET
NALMS,North American Lake Management Society,NALMS-F209172,"Lake Naraneka, Fairfield County, CT, USA",Reservoir,Reservoir,02030101,,,,,41.3220000000,-73.5070000000,,,,GPS-Unspecified,NAD83,,,,,,,US,09,001,,,,,,,,,,STORET
NALMS,North American Lake Management Society,NALMS-F211112,"Squantz Pond, Fairfield County, CT, USA",Reservoir,Reservoir,01100005,,,,,41.5210000000,-73.4810000000,,,,GPS-Unspecified,NAD83,,,,,,,US,09,001,,,,,,,,,,STORET
NARS_WQX,EPA National Aquatic Resources Survey (NARS),NARS_WQX-NRS_CT-10115,None,River/Stream,SmallStreams,01100005,,,,,41.3500004400,-73.1919753500,,,,GPS-Unspecified,NAD83,132.16,m,,,Unknown,UNKWN,US,09,001,,,,,,,,,,STORET
NARS_WQX,EPA National Aquatic Resources Survey (NARS),NARS_WQX-NRS_CT-10132,NRS_CT-10132,River/Stream,,01100005,,,,,41.4496993700,-73.3413438100,,,,GPS-Unspecified,NAD83,78.98,m,,,Digital Elevation Model,NAVD88,US,09,001,,,,,,,,,,STORET
STS,Save the Sound (Volunteer),STS-BE-BHa,Byram Park,Estuary,,02030203,,,,,41.0046600000,-73.6443800000,,,,GPS-Unspecified,WGS84,,,,,,,US,09,001,,,,,,,,,,STORET
STS,Save the Sound (Volunteer),STS-BLR-01,Black Rock Harbor,Estuary,,02030203,,,,,41.1638700000,-73.2051300000,,,,GPS-Unspecified,NAD83,,,,,,,US,09,001,,,,,,,,,,STORET
STS,Save the Sound (Volunteer),STS-BLR-02,Black Rock Harbor,Estuary,,02030203,,,,,41.1594500000,-73.2089500000,,,,GPS-Unspecified,NAD83,,,,,,,US,09,001,,,,,,,,,,STORET
STS,Save the Sound (Volunteer),STS-BLR-03,Black Rock Harbor,Estuary,,02030203,,,,,41.1558900000,-73.2153100000,,,,GPS-Unspecified,NAD83,,,,,,,US,09,001,,,,,,,,,,STORET
STS,Save the Sound (Volunteer),STS-BLR-04,Black Rock Harbor,Estuary,,02030203,,,,,41.1490100000,-73.2194600000,,,,GPS-Unspecified,NAD83,,,,,,,US,09,001,,,,,,,,,,STORET
STS,Save the Sound (Volunteer),STS-BLR-05,Black Rock Harbor,Estuary,,02030203,,,,,41.1454500000,-73.2183900000,,,,GPS-Unspecified,NAD83,,,,,,,US,09,001,,,,,,,,,,STORET
STS,Save the Sound (Volunteer),STS-BLR-06,Black Rock Harbor,Estuary,,02030203,,,,,41.1435300000,-73.2232600000,,,,GPS-Unspecified,NAD83,,,,,,,US,09,001,,,,,,,,,,STORET
STS,Save the Sound (Volunteer),STS-COV-01,Cove Harbor,Estuary,,02030203,,,,,41.0395800000,-73.4990400000,,,,GPS-Unspecified,NAD83,,,,,,,US,09,001,,,,,,,,,,STORET
STS,Save the Sound (Volunteer),STS-COV-02,Cove Harbor,Estuary,,02030203,,,,,41.0422700000,-73.5036000000,,,,GPS-Unspecified,NAD83,,,,,,,US,09,001,,,,,,,,,,STORET
STS,Save the Sound (Volunteer),STS-COV-03,Cove Harbor,Estuary,,02030203,,,,,41.0437700000,-73.4992800000,,,,GPS-Unspecified,NAD83,,,,,,,US,09,001,,,,,,,,,,STORET
STS,Save the Sound (Volunteer),STS-COV-04,Cove Harbor,Estuary,,02030203,,,,,41.0447700000,-73.4946800000,,,,GPS-Unspecified,NAD83,,,,,,,US,09,001,,,,,,,,,,STORET
STS,Save the Sound (Volunteer),STS-DAR-01,Darien River (Harbor),Estuary,,02030203,,,,,41.0384600000,-73.4814000000,,,,GPS-Unspecified,NAD83,,,,,,,US,09,001,,,,,,,,,,STORET
STS,Save the Sound (Volunteer),STS-DAR-02,Darien River (Harbor),Estuary,,02030203,,,,,41.0408200000,-73.4858700000,,,,GPS-Unspecified,NAD83,,,,,,,US,09,001,,,,,,,,,,STORET
STS,Save the Sound (Volunteer),STS-DAR-03,Darien River (Harbor),Estuary,,02030203,,,,,41.0433600000,-73.4859800000,,,,GPS-Unspecified,NAD83,,,,,,,US,09,001,,,,,,,,,,STORET
STS,Save the Sound (Volunteer),STS-DAR-04,Darien River (Harbor),Estuary,,02030203,,,,,41.0479600000,-73.4838200000,,,,GPS-Unspecified,NAD83,,,,,,,US,09,001,,,,,,,,,,STORET
STS,Save the Sound (Volunteer),STS-E-GCa,Greenwich Cove,Estuary,,02030203,,,,,41.0070140000,-73.5804700000,,,,GPS-Unspecified,WGS84,,,,,,,US,09,001,,,,,,,,,,STORET
STS,Save the Sound (Volunteer),STS-E-GHa,Indian Harbor Yacht Club,Estuary,,02030203,,,,,41.0122620000,-73.6231470000,,,,GPS-Unspecified,WGS84,,,,,,,US,09,001,,,,,,,,,,STORET
STS,Save the Sound (Volunteer),STS-HOL-01,Holly Pond,Estuary,,02030203,,,,,41.0562400000,-73.5033700000,,,,GPS-Unspecified,NAD83,,,,,,,US,09,001,,,,,,,,,,STORET
STS,Save the Sound (Volunteer),STS-HOL-02,Holly Pond,Estuary,,02030203,,,,,41.0548700000,-73.4990600000,,,,GPS-Unspecified,NAD83,,,,,,,US,09,001,,,,,,,,,,STORET
STS,Save the Sound (Volunteer),STS-HOL-03,Holly Pond,Estuary,,02030203,,,,,41.0525000000,-73.4944600000,,,,GPS-Unspecified,NAD83,,,,,,,US,09,001,,,,,,,,,,STORET
STS,Save the Sound (Volunteer),STS-HOL-04,Holly Pond,Estuary,,02030203,,,,,41.0509200000,-73.4971000000,,,,GPS-Unspecified,NAD83,,,,,,,US,09,001,,,,,,,,,,STORET
STS,Save the Sound (Volunteer),STS-HOU-O-03,Housatonic River,Estuary,,02030203,,,,,41.1773700000,-73.1215800000,,,,GPS-Unspecified,NAD83,,,,,,,US,09,001,,,,,,,,,,STORET
STS,Save the Sound (Volunteer),STS-HOU-O-04,Housatonic River,Estuary,,02030203,,,,,41.1712100000,-73.1125600000,,,,GPS-Unspecified,NAD83,,,,,,,US,09,001,,,,,,,,,,STORET
STS,Save the Sound (Volunteer),STS-MIL-01,Mill River (Southport Harbor),Estuary,,02030203,,,,,41.1373500000,-73.2751800000,,,,GPS-Unspecified,NAD83,,,,,,,US,09,001,,,,,,,,,,STORET
STS,Save the Sound (Volunteer),STS-MIL-02,Mill River (Southport Harbor),Estuary,,02030203,,,,,41.1352000000,-73.2772900000,,,,GPS-Unspecified,NAD83,,,,,,,US,09,001,,,,,,,,,,STORET
STS,Save the Sound (Volunteer),STS-MIL-03,Mill River (Southport Harbor),Estuary,,02030203,,,,,41.1317000000,-73.2841600000,,,,GPS-Unspecified,NAD83,,,,,,,US,09,001,,,,,,,,,,STORET
STS,Save the Sound (Volunteer),STS-MIL-04,Mill River (Southport Harbor),Estuary,,02030203,,,,,41.1272700000,-73.2876600000,,,,GPS-Unspecified,NAD83,,,,,,,US,09,001,,,,,,,,,,STORET
STS,Save the Sound (Volunteer),STS-NWH-I-01,Norwalk Harbor,Estuary,,01100006,,,,,41.1173800000,-73.4110500000,,,,GPS-Unspecified,NAD83,,,,,,,US,09,001,,,,,,,,,,STORET
STS,Save the Sound (Volunteer),STS-NWH-I-02,Norwalk Harbor,Estuary,,01100006,,,,,41.1079900000,-73.4111700000,,,,GPS-Unspecified,NAD83,,,,,,,US,09,001,,,,,,,,,,STORET
STS,Save the Sound (Volunteer),STS-NWH-I-03,Norwalk Harbor,Estuary,,01100006,,,,,41.1020500000,-73.4160000000,,,,GPS-Unspecified,NAD83,,,,,,,US,09,001,,,,,,,,,,STORET
STS,Save the Sound (Volunteer),STS-NWH-I-04,Norwalk Harbor,Estuary,,02030203,,,,,41.0984600000,-73.4141900000,,,,GPS-Unspecified,NAD83,,,,,,,US,09,001,,,,,,,,,,STORET
STS,Save the Sound (Volunteer),STS-NWH-I-05,Norwalk Harbor,Estuary,,02030203,,,,,41.0938500000,-73.4100300000,,,,GPS-Unspecified,NAD83,,,,,,,US,09,001,,,,,,,,,,STORET
STS,Save the Sound (Volunteer),STS-NWH-I-06,Norwalk Harbor,Estuary,,02030203,,,,,41.0872700000,-73.4042500000,,,,GPS-Unspecified,NAD83,,,,,,,US,09,001,,,,,,,,,,STORET
STS,Save the Sound (Volunteer),STS-NWH-I-07,Norwalk Harbor,Estuary,,02030203,,,,,41.0793900000,-73.4007300000,,,,GPS-Unspecified,NAD83,,,,,,,US,09,001,,,,,,,,,,STORET
STS,Save the Sound (Volunteer),STS-NWH-I-1B-L,Norwalk Harbor - Inner Region,Estuary,,01100006,,,,,41.0995400000,-73.4154800000,,,,GPS-Unspecified,NAD83,,,,,,,US,09,001,,,,,,,,,,STORET
STS,Save the Sound (Volunteer),STS-NWH-O-01,Norwalk Harbor,Estuary,,02030203,,,,,41.0684300000,-73.4119500000,,,,GPS-Unspecified,NAD83,,,,,,,US,09,001,,,,,,,,,,STORET
STS,Save the Sound (Volunteer),STS-NWH-O-02,Norwalk Harbor,Estuary,,02030203,,,,,41.0643500000,-73.4152600000,,,,GPS-Unspecified,NAD83,,,,,,,US,09,001,,,,,,,,,,STORET
STS,Save the Sound (Volunteer),STS-NWH-O-03,Norwalk Harbor,Estuary,,02030203,,,,,41.0627500000,-73.4075800000,,,,GPS-Unspecified,NAD83,,,,,,,US,09,001,,,,,,,,,,STORET
STS,Save the Sound (Volunteer),STS-NWH-O-04,Norwalk Harbor,Estuary,,02030203,,,,,41.0676400000,-73.3985100000,,,,GPS-Unspecified,NAD83,,,,,,,US,09,001,,,,,,,,,,STORET
STS,Save the Sound (Volunteer),STS-NWH-O-05,Norwalk Harbor,Estuary,,02030203,,,,,41.0740600000,-73.3913100000,,,,GPS-Unspecified,NAD83,,,,,,,US,09,001,,,,,,,,,,STORET
STS,Save the Sound (Volunteer),STS-NWH-O-1B-L,Norwalk Harbor - Outer Region,Estuary,,02030203,,,,,41.0683000000,-73.3922100000,,,,GPS-Unspecified,NAD83,,,,,,,US,09,001,,,,,,,,,,STORET
STS,Save the Sound (Volunteer),STS-PR-1,Pequannock River,River/Stream,,01100006,,,,,41.1905160000,-73.1890240000,,,,GPS-Unspecified,WGS84,,,,,,,US,09,001,,,,,,,,,,STORET
STS,Save the Sound (Volunteer),STS-R-BR-1.01,Byram River at South Water Street,River/Stream,,01100006,,,,,41.0006000000,-73.6599600000,,,,GPS-Unspecified,WGS84,,,,,,,US,09,001,,,,,,,,,,STORET
STS,Save the Sound (Volunteer),STS-R-BR-3.15,Byram River at Comley Avenue,River/Stream,,01100006,,,,,41.0273470000,-73.6613210000,,,,GPS-Unspecified,WGS84,,,,,,,US,09,001,,,,,,,,,,STORET
STS,Save the Sound (Volunteer),STS-R-BR-7.55,Byram River at Cliffdale Road,River/Stream,,01100006,,,,,41.0789630000,-73.6955170000,,,,GPS-Unspecified,WGS84,,,,,,,US,09,001,,,,,,,,,,STORET
STS,Save the Sound (Volunteer),STS-R-BREB-0.20,East Branch Byram River at Riversville Road,River/Stream,,01100006,,,,,41.0602300000,-73.6747460000,,,,GPS-Unspecified,WGS84,,,,,,,US,09,001,,,,,,,,,,STORET
STS,Save the Sound (Volunteer),STS-R-HNB-1.6,Horseneck Brook at Eagle Hill,River/Stream,,01100006,,,,,41.0326210000,-73.6413560000,,,,GPS-Unspecified,WGS84,,,,,,,US,09,001,,,,,,,,,,STORET
STS,Save the Sound (Volunteer),STS-R-MIR-1.40,Mianus River at Cos Cob Marina,River/Stream,,01100006,,,,,41.0317500000,-73.5959900000,,,,GPS-Unspecified,WGS84,,,,,,,US,09,001,,,,,,,,,,STORET
STS,Save the Sound (Volunteer),STS-R-PC-0.01,Pemberwick Creek at Pemberwick Road,River/Stream,,01100006,,,,,41.0273320000,-73.6610730000,,,,GPS-Unspecified,WGS84,,,,,,,US,09,001,,,,,,,,,,STORET
STS,Save the Sound (Volunteer),STS-SCO-01,Scotts Cove,Estuary,,02030203,,,,,41.0498500000,-73.4731800000,,,,GPS-Unspecified,NAD83,,,,,,,US,09,001,,,,,,,,,,STORET
STS,Save the Sound (Volunteer),STS-SCO-02,Scotts Cove,Estuary,,02030203,,,,,41.0504100000,-73.4676200000,,,,GPS-Unspecified,NAD83,,,,,,,US,09,001,,,,,,,,,,STORET
STS,Save the Sound (Volunteer),STS-SCO-03,Scotts Cove,Estuary,,02030203,,,,,41.0503700000,-73.4648300000,,,,GPS-Unspecified,NAD83,,,,,,,US,09,001,,,,,,,,,,STORET
STS,Save the Sound (Volunteer),STS-SCO-04,Scotts Cove,Estuary,,02030203,,,,,41.0542500000,-73.4651600000,,,,GPS-Unspecified,NAD83,,,,,,,US,09,001,,,,,,,,,,STORET
STS,Save the Sound (Volunteer),STS-STA-01,Stamford Harbor,Estuary,,02030203,,,,,41.0352000000,-73.5435700000,,,,GPS-Unspecified,NAD83,,,,,,,US,09,001,,,,,,,,,,STORET
STS,Save the Sound (Volunteer),STS-STA-02,Stamford Harbor,Estuary,,02030203,,,,,41.0335300000,-73.5359900000,,,,GPS-Unspecified,NAD83,,,,,,,US,09,001,,,,,,,,,,STORET
STS,Save the Sound (Volunteer),STS-STA-03,Stamford Harbor,Estuary,,02030203,,,,,41.0290600000,-73.5379600000,,,,GPS-Unspecified,NAD83,,,,,,,US,09,001,,,,,,,,,,STORET
STS,Save the Sound (Volunteer),STS-STA-04,Stamford Harbor,Estuary,,02030203,,,,,41.0248000000,-73.5338600000,,,,GPS-Unspecified,NAD83,,,,,,,US,09,001,,,,,,,,,,STORET
STS,Save the Sound (Volunteer),STS-STA-05,Stamford Harbor,Estuary,,02030203,,,,,41.0240500000,-73.5444600000,,,,GPS-Unspecified,NAD83,,,,,,,US,09,001,,,,,,,,,,STORET
STS,Save the Sound (Volunteer),STS-STA-06,Stamford Harbor,Estuary,,02030203,,,,,41.0198100000,-73.5385300000,,,,GPS-Unspecified,NAD83,,,,,,,US,09,001,,,,,,,,,,STORET
STS,Save the Sound (Volunteer),STS-STA-07,Stamford Harbor,Estuary,,02030203,,,,,41.0175400000,-73.5455300000,,,,GPS-Unspecified,NAD83,,,,,,,US,09,001,,,,,,,,,,STORET
STS,Save the Sound (Volunteer),STS-STA-08,Stamford Harbor,Estuary,,01100006,,,,,41.0410000000,-73.5304000000,,,,GPS-Unspecified,NAD83,,,,,,,US,09,001,,,,,,,,,,STORET
STS,Save the Sound (Volunteer),STS-Y-MC-1,Yellow Mill Chanel,River/Stream,,01100006,,,,,41.1818600000,-73.1739490000,,,,GPS-Unspecified,WGS84,,,,,,,US,09,001,,,,,,,,,,STORET